Name,Type,Address,Ratings,Location,Price,Image
Somerset Grand Hanoi,Hotel,"49 Hai Ba Trung Street, Hoan Kiem",5.0,Hanoi,4800000,https://dynamic-media-cdn.tripadvisor.com/media/photo-o/06/a1/24/08/hotel-exterior.jpg?w=700&h=-1&s=1
Grand Plaza Hanoi Hotel,Hotel,"117 Tran Duy Hung Street",5.0,Hanoi,3600000,https://ticotravel.com.vn/wp-content/uploads/2022/03/grand-plaza-hanoi-hotel-3-2.jpg
InterContinental Hanoi Landmark72,Hotel,"E6 Pham Hung Street, Cau Giay",5.0,Hanoi,3900000,https://landmark72.intercontinental.com/wp-content/uploads/18.jpg
Hilton Hanoi Opera,Hotel,"1 Le Thanh Tong Street, Hoan Kiem",5.0,Hanoi,3400000,https://res-1.cloudinary.com/enchanting/f_auto/et-web/2019/07/Enchanting-Travels-Asia-Tours-Hilton-Hanoi-Opera-House-Hanoi-Vietnam-Exterior-view.jpg
Pullman Hanoi,Hotel,"40 Cat Linh Street",5.0,Hanoi,2350000,https://www.ahstatic.com/photos/7579_ho_00_p_2048x1536.jpg
InterContinental Hanoi Westlake,Hotel,"5 Tu Hoa Street",5.0,Hanoi,3500000,https://digital.ihg.com/is/image/ihg/intercontinental-hanoi-4068417844-16x9?
Sofitel Legend Metropole Hanoi,Hotel,"15 Ngo Quyen Street, Hoan Kiem",5.0,Hanoi,8800000,https://media.cnn.com/api/v1/images/stellar/prod/heritage-wing-facade-1.jpg?q=w_1110,c_fill
Novotel Hanoi Thai Ha,Hotel,"2 Thai Ha Street, Dong Da",5.0,Hanoi,2400000,https://dynamic-media-cdn.tripadvisor.com/media/photo-o/23/b5/bc/76/exterior-view.jpg?w=1100&h=-1&s=1
Calypso Grand Hotel,Hotel,"27 Cua Dong Street",3.0,Hanoi,950000,http://3.bp.blogspot.com/-CSr2TKwxw3o/UiM1CT05y_I/AAAAAAAALnA/KUUOaNNKTu0/s1600/DSCN9051.JPG,950000
Hilton Garden Inn Hanoi,Hotel,"20 Phan Chu Trinh Street, Hoan Kiem",4.0,Hanoi,2200000,https://dynamic-media-cdn.tripadvisor.com/media/photo-o/22/c1/3b/13/exterior.jpg?w=700&h=-1&s=1
Tru By Hilton Hanoi Station,Hotel,"115 Tran Hung Dao Street",4.0,Hanoi,1800000,https://www.hilton.com/im/en/HANDSRU/23086660/tru-by-hilton-hanoi-station-exterior.jpg?impolicy=crop&cw=5000&ch=2799&gravity=NorthWest&xposition=0&yposition=318&rw=768&rh=430
Muong Thanh Grand Hanoi Hotel,Hotel,"CC2 Nghiem Xuan Yem Street, Hoang Mai",3.8,Hanoi,1200000,https://eholiday.vn/wp-content/uploads/2023/05/Khach-san-Muong-Thanh-Grand-Ha-Noi.jpg?v=1684052963
Grand Mercure Hanoi,Hotel,"9 Cat Linh Street, Dong Da",4.5,Hanoi,2600000,https://media-cdn.tripadvisor.com/media/photo-s/29/7a/4f/63/grand-mercure-hanoi.jpg
Royal Hotel,Hotel,"19 Hang Chao Street, Dong Da",1.0,Hanoi,350000,https://pix5.agoda.net/hotelimages/301/3014193/3014193_17102710150058374256.png
Mercure Hanoi La Gare Hotel,Hotel,"94 Ly Thuong Kiet Street, Hoan Kiem",4.0,Hanoi,2100000,https://dynamic-media-cdn.tripadvisor.com/media/photo-o/24/ff/90/64/exterior-view.jpg?w=700&h=-1&s=1
Gia Bao Grand Hotel,Hotel,"38 Lo Su Street",3.9,Hanoi,1100000,https://i.amazingo.vn/images/ha_noi/khach_san_gia_bao_grand/khach_san_gia_bao_grand_13955744681.jpg
Splendid Star Grand Hotel,Hotel,"14 Tho Xuong",4.2,Hanoi,1350000,https://ak-d.tripcdn.com/images/0584j12000cttmr1f5DC8_R_960_660_R5_D.jpg
Luxury Hotel,Hotel,"Hanoi, Vietnam",3.7,Hanoi,750000,https://www.vietnamonline.com/media/uploads/froala_editor/images/VNO_Four+Seasons+Hanoi+(upcoming).jpg
Somerset Grand Hanoi Hotel,Hotel,"49 Hai Ba Trung Street",4.1,Hanoi,4600000,https://ticotravel.com.vn/wp-content/uploads/2022/03/Somerset-grand-hanoi-2-2.jpg
Nova Luxury Hotel,Hotel,"Hanoi, Vietnam",3.6,Hanoi,700000,https://pix10.agoda.net/hotelImages/4123820/-1/53b3faa09c1617b48a7892e4554e8b70.jpg?s=1024x768
Lyn Luxury Hotel & Apartment,Hotel,"39 Quang Khanh Street",4.4,Hanoi,1600000,https://locatravel.vn/uploads/photos/full_1672314792_62_9f5e7965189d6a5059f43bb7df1d6344.jpg
Hanoi Hotel Royal,Hotel,"26 Phat Loc",3.8,Hanoi,650000,https://pix5.agoda.net/hotelimages/301/3014193/3014193_17102710150058374256.png
Conifer Grand Hotel,Hotel,"42 Tho Xuong",4.3,Hanoi,1400000,https://dynamic-media-cdn.tripadvisor.com/media/photo-o/12/02/77/ce/entrance.jpg?w=700&h=-1&s=1
Peridot Grand Luxury Boutique Hotel,Hotel,"Hanoi, Vietnam",4.7,Hanoi,3300000,https://cf.bstatic.com/xdata/images/hotel/max1024x768/354844000.jpg?k=a249d29024e44e7183adeb565cc43043f940cc269c9737808d6bb0af92b67436&o=&hp=1
San Grand Hotel,Hotel,"Hanoi, Vietnam",4.0,Hanoi,1100000,https://sangrand.sanhotelseries.com/wp-content/uploads/sites/3/2022/12/banner-lucien1-1.jpg
Royal Palace Hotel,Hotel,"95 Hang Bong Street",3.9,Hanoi,950000,https://dynamic-media-cdn.tripadvisor.com/media/photo-o/01/f8/f3/a1/getlstd-property-photo.jpg?w=400&h=-1&s=1
Nesta - The Grand Haonam,Hotel,"83 Hao Nam Street",4.1,Hanoi,1150000,https://dynamic-media-cdn.tripadvisor.com/media/photo-o/2a/e6/e2/b4/caption.jpg?w=700&h=-1&s=1
Grand Vista Hanoi,Hotel,"146 Giang Vo Street, Ba Dinh",4.5,Hanoi,2100000,https://luxurylifestyleawards.com/wp-content/uploads/2020/08/Hotel-nightview.jpg
Royal Gate Hotel,Hotel,"9 Nguyen Bieu Street",3.8,Hanoi,850000,https://www.bookaris.com/images/HB/giata/14/145876/145876a_hb_a_012.jpg
Muong Thanh Grand Hanoi Hotel,Hotel,"78 Tho Nhuom Street",4.2,Hanoi,1400000,https://eholiday.vn/wp-content/uploads/2023/05/Khach-san-Muong-Thanh-Grand-Ha-Noi.jpg?v=1684052963
Muong Thanh Grand Xa La,Hotel,"66 Phuc La Street, Ha Dong",4.0,Hanoi,1100000,https://www.hotel-board.com/picture/muong-thanh-grand-xa-la-hotel-hotel-692448.jpg
A&D Luxury Hotel,Hotel,"71 Luu Quang Vu Street",4.3,Hanoi,1400000,https://cf.bstatic.com/xdata/images/hotel/max1024x768/562313143.jpg?k=0a4372a1bfbbf4f0b3b1c7d0280fa3d0895980a13de14244ace38853d417ff39&o=&hp=1
Hanoi Golden Moon Hotel,Hotel,"65 Nguyen Huu Huan Street, Hoan Kiem",3.7,Hanoi,850000,https://media-cdn.tripadvisor.com/media/photo-s/09/f2/e5/19/hanoi-golden-moon-hotel.jpg
Melia Hanoi,Hotel,"44B Ly Thuong Kiet Street, Hoan Kiem",4.8,Hanoi,3800000,https://photo.golfasian.com/userpics/10001/Melia-Hanoi5.jpg
Golden Lotus Hotel,Hotel,"Hanoi, Vietnam",3.9,Hanoi,900000,https://golden-lotus-luxury-hotel.hanoi-hotels.org/data/Photos/OriginalPhoto/499/49908/49908387/hanoi-golden-lotus-luxury-hotel-photo-42.JPEG
Sheraton Hanoi,Hotel,"Hanoi, Vietnam",4.6,Hanoi,3400000,https://dynamic-media-cdn.tripadvisor.com/media/photo-o/13/c4/7a/3e/sheraton-hanoi-hotel.jpg?w=700&h=-1&s=1
Golden Wings Hotel,Hotel,"106 Ma May",3.5,Hanoi,750000,https://dolcehanoigoldenlake.com/wp-content/uploads/2023/05/DHGL-Exterior-9-scaled.jpg
Golden Wings II Hotel,Hotel,"99 Ma May",3.6,Hanoi,780000,https://leisure-travel.vn/wp-content/uploads/2020/11/Hotel-Exterior-1.jpg
Golden Sunrise Hotel,Hotel,"Hanoi, Vietnam",3.8,Hanoi,800000,https://vietnamtotravel.com/uploads/0000/1/2022/10/25/350819933.jpg
Golden LakeView Hotel,Hotel,"Hanoi, Vietnam",4.1,Hanoi,950000,https://dolcehanoigoldenlake.com/wp-content/uploads/2020/01/dai_dien_Premier_lake_view_king.jpg
Golden Sun Palace Hotel,Hotel,"33 Hang Quat",4.2,Hanoi,1100000,https://golden-sun-palace-hotel.hanoi-hotels.org/data/Photos/OriginalPhoto/7659/765945/765945961/hanoi-golden-sun-palace-hotel-photo-9.JPEG
Golden Cyclo Hotel,Hotel,"25-27 Ngo Tram, Hang Bong Street",4.0,Hanoi,1050000,https://starsolutions.vn/pic/Customer/golden-cy_637242103301534825_HasThumb.jpg
Mercure Hotel,Hotel,"Hanoi, Vietnam",4.4,Hanoi,1800000,https://dynamic-media-cdn.tripadvisor.com/media/photo-o/24/ff/90/64/exterior-view.jpg?w=700&h=-1&s=1
Golden Diamond Hotel,Hotel,"10 Tran Nhat Duat Street",3.7,Hanoi,780000,https://pix10.agoda.net/hotelImages/857490/-1/4958bd0f53f96f0462dad64acaea28c2.jpg?s=1024x768
Golden Snake Hotel,Hotel,"45 Ngo Huyen",3.5,Hanoi,680000,https://vietnamtotravel.com/uploads/0000/1/2022/10/25/350814583.jpg
Golden Holiday Hotel,Hotel,"43 Hang Dong",4.1,Hanoi,980000,https://viettourist.vn/wp-content/uploads/2020/03/97120940.jpg
Golden Charm Hotel,Hotel,"24 Hang Quat",4.0,Hanoi,920000,https://dynamic-media-cdn.tripadvisor.com/media/photo-o/09/bd/e1/1b/hanoi-golden-charm-hotel.jpg?w=1200&h=-1&s=1
Hanoi Golden Hotel,Hotel,"51 Nguyen Sieu",3.9,Hanoi,880000,https://dynamic-media-cdn.tripadvisor.com/media/photo-o/15/82/c8/95/hanoi-golden-hotel.jpg?w=900&h=500&s=1
Golden Sun Villa Hotel,Hotel,"Hanoi, Vietnam",4.3,Hanoi,1250000,https://dynamic-media-cdn.tripadvisor.com/media/photo-o/22/d0/b9/24/golden-sun-hotel.jpg?w=700&h=-1&s=1
The Buffet Garden - Group 6 - T01-1,Restaurant,"14 Cau Vong",4.5,Hanoi,350000,https://www.tnktravel.com/wp-content/uploads/2017/08/top-8-grill-hotpot-buffet-restaurants-in-hanoi-1.jpg
Wa Grill,Restaurant,"27/168 Trung Kinh Street",4.6,Hanoi,500000,https://lookaside.fbsbx.com/lookaside/crawler/media/?media_id=511584794092140
Bay Seafood Buffet,Restaurant,"14 Tong Dan Street",4.3,Hanoi,450000,https://baybuffet.com/wp-content/uploads/2022/10/438k-3.jpg
Buffet Sen Tay Ho,Restaurant,"Hanoi, Vietnam",4.7,Hanoi,600000,https://static.wixstatic.com/media/9d8ed5_404e13ee09c94529bdc0ef306e2bb878~mv2.png/v1/fill/w_700,h_700,al_c,q_90,enc_auto/9d8ed5_404e13ee09c94529bdc0ef306e2bb878~mv2.png
Wine Garden,Restaurant,"4H1 New Urban Area",4.2,Hanoi,650000,https://www.asiakingtravel.com/cuploads/images/Blog/Vietnamese+Restaurant+in+Ha+Noi/Vietnamese-Restaurants-in-Hanoi-1_1.jpg
The Farmer Gardenista,Restaurant,"B40 Nguyen Thi Dinh Street",4.1,Hanoi,180000,https://images.foody.vn/res/g32/317491/s800/foody-the-farmer-gardenista-826-636946333506309585.jpg
Garden House Restaurant,Restaurant,"Hanoi, Vietnam",4.0,Hanoi,250000,https://img.vietcetera.com/uploads/images/20-dec-2020/hn-garden-1-1024x768-768x576.jpg
Viako Garden Restaurant,Restaurant,"Hanoi, Vietnam",3.9,Hanoi,200000,https://media-cdn.tripadvisor.com/media/photo-m/1280/18/d1/a4/19/fresh-and-delicious-vietnamese.jpg
Sushi Garden,Restaurant,"107 Nam Dong Street",4.4,Hanoi,400000,https://lookaside.fbsbx.com/lookaside/crawler/media/?media_id=1147235557131711&get_thumbnail=1
Grill Mapa Restaurant,Restaurant,"77 Trung Hoa Street",4.2,Hanoi,350000,https://product.hstatic.net/1000275435/product/khong-gian-nha-hang-mapa-wine-bar-grill-restaurant-4_94d79c0a41b941a0b2be91f593a9cedf_master.jpg
Buffet Sen Restaurant,Restaurant,"60 Ly Thai To Street",4.5,Hanoi,520000,https://www.vietnamonline.com/media/uploads/froala_editor/images/Sen+Restaurant.jpg
Soya Garden,Restaurant,"127 Van Cao Street",4.1,Hanoi,70000,https://i.pinimg.com/736x/85/13/22/851322ee74cb94d1345d6a395cbdfd6f.jpg
Fin BBQ Buffet,Restaurant,"9 Alley 87 Le Van Hien Street",4.3,Hanoi,320000,https://lookaside.fbsbx.com/lookaside/crawler/media/?media_id=1087904093338813
Fin House Thai Hotpot,Restaurant,"9 Alley 87 Cau Vong",4.2,Hanoi,280000,https://toplist.vn/images/800px/fin-house-buffet-lau-thai-1030480.jpg
Vegan Buffet,Restaurant,"Hanoi, Vietnam",4.0,Hanoi,150000,https://veggiecastle.vn/wp-content/uploads/2021/03/z2402980234059_b04978f0e5ff96793442fc81c7d9423a.jpg
Le Garden,Restaurant,"143 Trieu Viet Vuong Street",4.4,Hanoi,250000,https://img.vietcetera.com/uploads/images/20-dec-2020/hn-garden-1-1024x768-768x576.jpg
King BBQ Buffet,Restaurant,"Hanoi, Vietnam",4.2,Hanoi,369000,https://img.restaurantguru.com/c662-King-BBQ-Hanoi-food-3.jpg
Pho 10,Restaurant,"10 Ly Quoc Su Street",4.8,Hanoi,100000,https://c8.alamy.com/comp/2XDH694/hanoi-vietnam-28-jan-2024-pho-10-ly-quoc-su-restaurant-in-hanoi-old-quarter-2XDH694.jpg
Cha Ca Thuy Hong Restaurant,Restaurant,"12 Hang Ga, Hoan Kiem",4.5,Hanoi,220000,https://lookaside.fbsbx.com/lookaside/crawler/media/?media_id=1140267731443065
Quan An Ngon,Restaurant,"34 Phan Dinh Phung Street",4.7,Hanoi,300000,https://www.asia-bars.com/wp-content/uploads/2016/07/quan-an-ngon-40.jpg
Bo Doi Non Restaurant,Restaurant,"60 Tran Dang Ninh",4.0,Hanoi,180000,https://cdn.dealtoday.vn/img/s630x420/d5750e12a352405285a13bcce4e538de.jpg?sign=qdr4MSvogZE6KxaBDhDP3Q
Bun Viet Restaurant,Restaurant,"111 Lang Ha Street",3.8,Hanoi,60000,https://banahills.sunworld.vn/wp-content/uploads/2023/07/IMG_7065-scaled.jpg
Supremacy,Restaurant,"10",4.6,Hanoi,1500000,https://www.incredibleasiajourneys.com/uploads/galleries/home-restaurant-zwiF.jpg
Bun Cha Dac Kim,Restaurant,"67 Duong Thanh",4.3,Hanoi,90000,https://c8.alamy.com/comp/2XDH68X/hanoi-vietnam-28-jan-2024-outside-the-michelin-recommended-bun-cha-dac-kim-restaurant-in-hanoi-old-quarter-2XDH68X.jpg
Chops,Restaurant,"4 Quang An Street",4.5,Hanoi,400000,https://themangoroad.com/wp-content/uploads/2019/11/chops_hanoi_01-1024x682.jpg
The Sushi Club,Restaurant,"Hanoi, Vietnam",4.4,Hanoi,450000,https://halotravel.vn/wp-content/uploads/2021/04/The-Sushi-Club.jpg
Bun Cha Huong Lien,Restaurant,"24 Le Van Huu Street",4.8,Hanoi,85000,https://nhaphonet.vn/wp-content/uploads/2023/03/bun-cha-huong-lien-hai-ba-trung-3.jpg
Steakout,Restaurant,"24 Tran Hung Dao Street",4.5,Hanoi,750000,https://media-cdn.tripadvisor.com/media/photo-s/28/1f/17/0d/restaurant-front.jpg
Luna D' Autunno Restaurant,Restaurant,"27 Nam Ngu",4.6,Hanoi,550000,https://dynamic-media-cdn.tripadvisor.com/media/photo-o/0e/cd/ab/1d/1st-floor-atmosphere.jpg?w=900&h=500&s=1
El Gaucho,Restaurant,"11 Trang Tien Street",4.9,Hanoi,2800000,https://jadehotelhoian.com/wp-content/uploads/2021/05/HaNoi-ElGaucho-Argentinian-Steakhouse.jpg
Hong Hoai Restaurant,Restaurant,"20 Bat Dan Street",4.2,Hanoi,220000,https://gcs.tripi.vn/public-tripi/tripi-feed/img/471620Fcw/nha-hang-hong-hoai
Namaste Hanoi,Restaurant,"46 Tho Nhuom Street",4.4,Hanoi,350000,https://holidays.tripfactory.com/blogs/wp-content/uploads/sites/6/2024/07/Namaste-Hanoi.webp
Tung's Kitchen,Restaurant,"2 Hang Bong Street",4.1,Hanoi,250000,https://www.vietnambuyingagent.com/wp-content/uploads/2024/03/Tungs-Kitchen-in-Hanoi.jpeg
Ding Tea,Restaurant,"28A Xuan La",3.9,Hanoi,60000,https://media-cdn.tripadvisor.com/media/photo-s/19/d7/62/3a/ding-tea-in-front-of.jpg
Hanoi Food Culture Restaurant,Restaurant,"Hanoi, Vietnam",4.3,Hanoi,280000,https://media-cdn.tripadvisor.com/media/photo-s/24/2f/63/46/warm-lovely-ambience.jpg
Chay Mihn Restaurant,Restaurant,"09 Au Trieu Street",4.6,Hanoi,180000,https://finediningvegan.com/wp-content/uploads/2023/06/trc0376_optimized-scaled.jpg
Loving Hut,Restaurant,"147b Au Co Street",4.2,Hanoi,90000,https://images.happycow.net/venues/1024/21/55/hcmp21552_68690.jpeg
1946 Restaurant,Restaurant,"Hanoi, Vietnam",4.5,Hanoi,300000,https://media.mia.vn/uploads/blog-du-lich/nha-hang-1946-noi-luu-giu-net-am-thuc-ha-noi-truyen-thong-trong-suot-nhung-nam-thang-hien-dai-02-1639838341.jpg
Shimla Indian Restaurant,Restaurant,"7a Xuan Dieu Street",4.4,Hanoi,380000,https://lookaside.fbsbx.com/lookaside/crawler/media/?media_id=644448817915751
Tam An Vegetarian Restaurant,Restaurant,"Alley 180 Kim Hoa",4.0,Hanoi,70000,https://images.happycow.net/venues/1024/40/48/hcmp404879_2741299.jpeg
King BBQ Restaurant,Restaurant,"20 Hai Ba Trung",4.1,Hanoi,390000,https://product.hstatic.net/1000275435/product/15_optimized_01a3b46259ec4866bdedef4fd0970056_master.jpg
King BBQ Restaurant,Restaurant,"Shophouse B2-06 Vinhomes Gardenia",4.2,Hanoi,390000,https://product.hstatic.net/1000275435/product/15_optimized_01a3b46259ec4866bdedef4fd0970056_master.jpg
NYC Pizza,Restaurant,"63 Ma May Street",4.3,Hanoi,250000,https://media-cdn.tripadvisor.com/media/photo-s/16/e4/34/60/nyc-pizza-hanoi.jpg
Home Hanoi Restaurant,Restaurant,"34 Chau Long Street",4.7,Hanoi,650000,https://homevietnameserestaurants.com/wp-content/uploads/2023/09/Exterior_00004-scaled.jpg
Ho Tay Sushi Restaurant,Restaurant,"173 Nguyen Dinh Thi Street",4.2,Hanoi,350000,https://digiticket.vn/blog/wp-content/uploads/2021/07/nha-hang-ho-tay-2-1024x683.jpg
Cube Beefsteak & Drinks,Restaurant,"20 Alley 211 Xa Dan",4.5,Hanoi,320000,https://topbrands.vn/wp-content/uploads/2023/08/dia-chi-an-beefsteak-ha-noi-cube.jpg
Pizza Hut,Restaurant,"159 Xa Dan Street",4.0,Hanoi,220000,https://aeonmall-hadong.com.vn/wp-content/uploads/2020/05/pizza-hut-3-360x514.jpg
Xuvi Home,Restaurant,"68/53/11 Cau Giay",3.7,Hanoi,180000,https://media-cdn.tripadvisor.com/media/photo-m/1280/19/26/7c/29/music-conner.jpg
Roma Pizza,Restaurant,"192 Thai Thinh",3.8,Hanoi,190000,https://lookaside.fbsbx.com/lookaside/crawler/media/?media_id=437695041713368
Tam Cuisine & Traditional House,Restaurant,"7 Alley 2/437 Ngoc Thuy",4.6,Hanoi,500000,https://axwwgrkdco.cloudimg.io/v7/__gmpics3__/3e6dde7f0dc24cf8864e0add60c9700b.jpeg
Eastin Grand Hotel Saigon,Hotel,"235 Nguyen Van Troi, Phu Nhuan",5.0,Ho Chi Minh City,3200000,https://image-tc.galaxy.tf/wijpeg-8ncdrrbgyc1lo88aqjnkgfbkq/dsc-9664-2-copy.jpg?width=1920
Park Hyatt Saigon Hotel,Hotel,"2",5.0,Ho Chi Minh City,9500000,https://assets.hyatt.com/content/dam/hyatt/hyattdam/images/2017/02/23/1745/Park-Hyatt-Saigon-P312-Exterior.jpg/Park-Hyatt-Saigon-P312-Exterior.16x9.jpg
SGN Parkroyal Hotel,Hotel,"309B-311 Nguyen Van Troi",4.5,Ho Chi Minh City,2800000,https://dynamic-media-cdn.tripadvisor.com/media/photo-o/07/39/42/70/parkroyal-saigon.jpg?w=700&h=-1&s=1
Acnos Grand Hotel,Hotel,"82-84 Cach Mang Thang 8 Street",4.2,Ho Chi Minh City,1500000,https://q-xx.bstatic.com/xdata/images/hotel/max1024x768/379101779.jpg?k=150018bfd7e11f99aa1b9955a906c48a47756b7812b60943bd0918fc8fd74ae5&o=
Grand Hotel,Hotel,"Ho Chi Minh City, Vietnam",4.4,Ho Chi Minh City,3200000,https://www.traveltomtom.net/images/nieuwe_indeling/artikels/vietnam/grand_hotel_saigon_review/grand_hotel_saigon_1.jpg
Grand Silverland Hotel,Hotel,"Ho Chi Minh City, Vietnam",4.6,Ho Chi Minh City,2800000,https://cdn2.vietnambooking.com/wp-content/uploads/hotel_pro/hotel_334851/3d5f49e0ee069de7be6a4fd00839b5df.jpg
Royal Lotus Hotel,Hotel,"24 Thi Sach",4.3,Ho Chi Minh City,2200000,https://dynamic-media-cdn.tripadvisor.com/media/photo-o/16/f4/11/dc/lotus-saigon-hotel.jpg?w=700&h=-1&s=1
Camelia Central Saigon Hotel,Hotel,"19 Dong Du, District 1",3.0,Ho Chi Minh City,1100000,https://camelia-saigon-central-ho-chi-minh-city.hochiminh-top-hotels.com/data/Photos/OriginalPhoto/9649/964912/964912939/photo-camelia-saigon-central-hotel-ho-chi-minh-city-6.JPEG
Grand Saigon Hotel,Hotel,"Ho Chi Minh City, Vietnam",4.7,Ho Chi Minh City,4100000,https://du-lich.chudu24.com/f/m/2105/20/khach-san-grand-saigon-80.jpg?w=1200&h=800
Grand Eastin Hotel,Hotel,"Ho Chi Minh City, Vietnam",4.5,Ho Chi Minh City,3500000,https://dynamic-media-cdn.tripadvisor.com/media/photo-o/1b/6d/a0/c7/facade.jpg?w=1400&h=-1&s=1
Royal Hotel Saigon,Hotel,"Ho Chi Minh City, Vietnam",4.3,Ho Chi Minh City,2100000,https://c8.alamy.com/comp/JFG671/royal-hotel-saigon-in-ho-chi-minh-city-vietnam-asia-JFG671.jpg
Regal Luxury,Hotel,"Ho Chi Minh City, Vietnam",3.9,Ho Chi Minh City,950000,https://images.luxuryescapes.com/fl_progressive,q_auto:eco/gneo9fura76d3qfnox58
Sotetsu Grand Fresa Saigon,Hotel,"Ho Chi Minh City, Vietnam",4.4,Ho Chi Minh City,2300000,https://dynamic-media-cdn.tripadvisor.com/media/photo-o/2a/ba/1d/4e/sotetsu-grand-fresa-saigon.jpg?w=700&h=-1&s=1
Mia Saigon Luxury Boutique Hotel,Hotel,"Ho Chi Minh City, Vietnam",4.9,Ho Chi Minh City,6800000,https://www.miasaigon.com/wp-content/uploads/2020/12/MSG-Cover-Banner-Festive-Staycation-In-Style.jpg
Sofitel Plaza Saigon Hotel,Hotel,"17 Le Duan",4.8,Ho Chi Minh City,5500000,https://www.ahstatic.com/photos/2077_ho_00_p_1024x768.jpg
Jw Marriott Saigon Hotel & Suites,Hotel,"39 Le Duan, District 1",4.9,Ho Chi Minh City,8200000,https://du-lich.chudu24.com/f/m/2501/15/khu-can-ho-jw-marriott-hotel-suites-sai-gon-1.jpg
Novotel Saigon Centre Hotel,Hotel,"167 Hai Ba Trung",4.6,Ho Chi Minh City,3600000,https://forbes.vn/wp-content/uploads/2022/10/NCS-Hotel-Exterior-769x1024.jpg
Hilton Saigon,Hotel,"11 Me Linh Square, District 1",4.7,Ho Chi Minh City,5800000,https://dynamic-media-cdn.tripadvisor.com/media/photo-o/2c/3f/59/e4/exterior.jpg?w=700&h=-1&s=1
Ibis Sai Gon Airport Hotel,Hotel,"Ho Chi Minh City, Vietnam",4.2,Ho Chi Minh City,2100000,https://www.ahstatic.com/photos/9468_ho_00_p_1024x768.jpg
Sheraton Saigon Hotel,Hotel,"88 Dong Khoi",4.8,Ho Chi Minh City,6500000,https://ak-d.tripcdn.com/images/1mc0a12000ct7e1oq2E72_R_960_660_R5_D.jpg
Pullman Saigon Centre,Hotel,"Ho Chi Minh City, Vietnam",4.7,Ho Chi Minh City,4800000,https://d2e5ushqwiltxm.cloudfront.net/wp-content/uploads/sites/79/2023/03/14083406/PSC-Exterior-Night-time-2a.jpg
Leha Saigon Hotel,Hotel,"9 Nguyen Van Mai, Tan Binh District",5.0,Ho Chi Minh City,1200000,https://i.travelapi.com/lodging/101000000/100650000/100643800/100643741/71206643_z.jpg
Majestic Hotel,Hotel,"Ho Chi Minh City, Vietnam",5.0,Ho Chi Minh City,4500000,https://majestic-saigon-hotel-ho-chi-minh-city.at-hotels.com/data/Pictures/OriginalPhoto/12780/1278024/1278024709/ho-chi-minh-city-majestic-saigon-hotel-picture-1.JPEG
Nikko Saigon Hotel,Hotel,"235 Nguyen Van Cu",5.0,Ho Chi Minh City,4800000,https://d3g2yh83to8qa2.cloudfront.net/wp-content/uploads/sites/12/2016/04/27044825/BIM_3871-Edit-990x590.jpg
Hoang Hai Long Hotel,Hotel,"Ho Chi Minh City, Vietnam",3.0,Ho Chi Minh City,1100000,https://du-lich.chudu24.com/f/m/1703/28/172f64a8_z.jpg?w=1200&h=800
Little Saigon Boutique Hotel,Hotel,"36 Bis/2 Le Loi",4.0,Ho Chi Minh City,1600000,https://media-cdn.tripadvisor.com/media/photo-s/2a/4a/f3/51/little-saigon-boutique.jpg
Sunrise Central Hotel,Hotel,"135-137 Ly Tu Trong, District 1",3.0,Ho Chi Minh City,1200000,https://pix10.agoda.net/hotelImages/119/1199048/1199048_16071815460044750847.jpg?s=1024x768
Anpha Boutique Hotel,Hotel,"202 Le Thanh Ton Street",4.1,Ho Chi Minh City,1500000,https://cf.bstatic.com/xdata/images/hotel/max1024x768/637468575.jpg?k=88a025f6e28145c1d6b4711fc594f5e34512a60fee72a47f8d20ee6938f676ca&o=
Hai Nam Boutique Hotel,Hotel,"Ho Chi Minh City, Vietnam",3.8,Ho Chi Minh City,950000,https://ak-d.tripcdn.com/images/1mc1p12000c6ons5x82D3.jpg
Caravelle Saigon Hotel,Hotel,"19-23 Lam Son Square, District 1",5.0,Ho Chi Minh City,5800000,https://media-cdn.tripadvisor.com/media/photo-s/14/b5/3e/d9/caravelle-saigon-the.jpg
Victory Hotel,Hotel,"14 Vo Van Tan, District 3",3.0,Ho Chi Minh City,1100000,https://ahoyvietnam.com/wp-content/uploads/2023/12/Victory-Hotel-Saigon-in-D3-HCMC-1024x768.webp
Saigon Hanoi Hotel,Hotel,"145/8 Nguyen Van Troi, Phu Nhuan",3.0,Ho Chi Minh City,950000,https://assets.hyatt.com/content/dam/hyatt/hyattdam/images/2017/02/23/1745/Park-Hyatt-Saigon-P312-Exterior.jpg/Park-Hyatt-Saigon-P312-Exterior.16x9.adapt.1920.1080.jpg
Dong Khanh Hotel,Hotel,"2 Tran Hung Dao Street, District 5",3.0,Ho Chi Minh City,1300000,http://www.holidayinvietnam.com/sites/default/files/styles/vht_vlarge_720_540/public/vht/hotel/images/dong_khanh.jpg?itok=9vlC9yx-
Mifuki Boutique Hotel,Hotel,"Ho Chi Minh City, Vietnam",3.7,Ho Chi Minh City,850000,https://miro.medium.com/v2/resize:fit:770/1*N1-LxuiesHr4tJzj-dKZuw.jpeg
Au Lac Hotel,Hotel,"Ho Tung Mau",3.0,Ho Chi Minh City,1100000,https://pix10.agoda.net/hotelImages/264347/-1/8e5bb6a5782f3d5c5f41db22587471bd.jpg?s=1024x768
Minh Tam Hotel,Hotel,"278 Cong Hoa Street, Tan Binh",3.0,Ho Chi Minh City,850000,http://minhtamhotel.com/storage/home/gioithieu.png
White Lion Hotel,Hotel,"15 Cao Thang Street",3.0,Ho Chi Minh City,950000,https://lookaside.fbsbx.com/lookaside/crawler/media/?media_id=100070024749801
Thorn Tong Hotel,Hotel,"Ho Chi Minh City, Vietnam",3.0,Ho Chi Minh City,750000,https://vivoviet.com/wp-content/uploads/2020/02/213392376.jpg
The Odys Boutique Hotel,Hotel,"Ho Chi Minh City, Vietnam",4.2,Ho Chi Minh City,1800000,https://cf.bstatic.com/xdata/images/hotel/max1024x768/218658235.jpg?k=36ea1c095466fbaddcc24609db6b8d8e50d2c3cfdd58aaf052af2ec5f3e262a8&o=&hp=1
Singita Saigon Boutique Hotel,Hotel,"84a Bui Thi Xuan Street",4.3,Ho Chi Minh City,1600000,https://res.klook.com/klook-hotel/image/upload/s2pix8/hotelImages/36253211/-1/3bd3f32c2f959b589b0f816d0e8af35b.jpg
Ben Thanh Boutique Hotel,Hotel,"Ho Chi Minh City, Vietnam",3.9,Ho Chi Minh City,1250000,https://pinkboutiquebenthanhhotel.com/images/deluxe.jpg
Silverland Central,Hotel,"14-16 Le Lai",3.0,Ho Chi Minh City,1400000,https://i.travelapi.com/hotels/3000000/2680000/2675000/2674965/e9aff951_z.jpg
Hong Hac Hotel Boutique,Hotel,"4-6 Truong Dinh Street, District 3",4.1,Ho Chi Minh City,1150000,https://dynamic-media-cdn.tripadvisor.com/media/photo-o/09/34/1f/66/hong-hac-boutique-hotel.jpg?w=1000&h=-1&s=1
Solex Hotel,Hotel,"Ho Chi Minh City, Vietnam",3.0,Ho Chi Minh City,700000,https://dynamic-media-cdn.tripadvisor.com/media/photo-o/14/3c/25/42/solex-hotel.jpg?w=500&h=-1&s=1
Lotus Boutique Hotel,Hotel,"136 Nguyen Thai Binh",4.0,Ho Chi Minh City,1500000,https://maisonoffice.vn/wp-content/uploads/2021/03/danh-sach-van-phong-cong-chung-1.jpg
Windsor Plaza Saigon Hotel,Hotel,"Ho Chi Minh City, Vietnam",4.5,Ho Chi Minh City,2600000,https://dynamic-media-cdn.tripadvisor.com/media/photo-o/0e/1f/58/f8/aerial-view-exterior.jpg?w=700&h=-1&s=1
Northern Hotel,Hotel,"Ho Chi Minh City, Vietnam",4.2,Ho Chi Minh City,1900000,https://dynamic-media-cdn.tripadvisor.com/media/photo-o/13/30/14/09/northern-hotel-saigon.jpg?w=500&h=-1&s=1
Quang Trung 2 Hotel,Hotel,"Ho Chi Minh City, Vietnam",3.6,Ho Chi Minh City,650000,https://lookaside.fbsbx.com/lookaside/crawler/media/?media_id=100080032223051
Thai Street & Rooftop Bar Restaurant,Restaurant,"171 Calmette",4.5,Ho Chi Minh City,400000,https://localvietnam.nl/wp-content/uploads/2019/02/rooftop-bar-in-hcmc.jpg
Pasha Garden Lounge,Restaurant,"37 Tong Huu Dinh",4.3,Ho Chi Minh City,500000,https://media-cdn.tripadvisor.com/media/photo-s/2b/9e/1a/62/caption.jpg
Missing Garden,Restaurant,"221/9 Le Van Sy",4.1,Ho Chi Minh City,250000,https://c8.alamy.com/comp/KR1PEM/asecret-guards-of-restauranta-ho-chi-minh-city-vietnam-secret-garden-KR1PEM.jpg
Pink Pong Buffet,Restaurant,"367 Tay Thanh",3.9,Ho Chi Minh City,320000,https://img.restaurantguru.com/w550/h367/r7d6-interior-PINK-PONG-BUFFET-2024-11.jpg
Vegetarian Buffet D'gemma,Restaurant,"Ho Chi Minh City, Vietnam",4.4,Ho Chi Minh City,220000,https://images.happycow.net/venues/1024/41/83/hcmp418347_2929749.jpeg
Grill Riverside Hotpot & Bbq,Restaurant,"357 - 359 Hoang Sa",4.0,Ho Chi Minh City,280000,https://pasgo.vn/Upload/anh-chi-tiet/grill-riverside-nuong-va-lau-hoang-sa-11-normal-130662614770.jpg
Pergola Garden,Restaurant,"28 Tran Cao Van",4.3,Ho Chi Minh City,350000,https://lookaside.fbsbx.com/lookaside/crawler/media/?media_id=593542250364155
Rau Moc Mushroom Hotpot Buffet,Restaurant,"52 Luong Minh Nguyet Street",4.2,Ho Chi Minh City,250000,https://lookaside.fbsbx.com/lookaside/crawler/media/?media_id=122118237428645235
Vasta Buffet Restaurant,Restaurant,"Ho Chi Minh City, Vietnam",3.8,Ho Chi Minh City,280000,https://www.breakingtravelnews.com/images/uploads/tourism/interior-of-nha-hang.jpg
Pitchers Sports And Grill Restaurant,Restaurant,"C0-01 Riverside, Nguyen Luong Bang",4.4,Ho Chi Minh City,420000,https://thietbibepauviet.com/wp-content/uploads/2021/02/IMG_20151224_100206-1024x768-1.jpg
Hummus And Grill Lebanese Restaurant,Restaurant,"175/16 Pham Ngu Lao Street",4.7,Ho Chi Minh City,450000,https://media-cdn.tripadvisor.com/media/photo-s/0b/92/0c/47/bbq-beef-chicken-lamp.jpg
Poki Grill Restaurant,Restaurant,"82 Ho Tung Mau",4.1,Ho Chi Minh City,320000,https://1033609670.rsc.cdn77.org/rests/small/w550/h367/301_508409586.jpg
King BBQ Buffet,Restaurant,"716 Su Van Hanh",4.2,Ho Chi Minh City,369000,https://media-cdn.tripadvisor.com/media/photo-s/10/7e/36/7c/korean-bbq.jpg
Seoul Garden Restaurant,Restaurant,"Ho Chi Minh City, Vietnam",4.0,Ho Chi Minh City,350000,https://saigontech.vn/upload/baiviet/anhdaidien1-9145.jpg
Sky Garden BBQ Restaurant,Restaurant,"624 Lac Long Quan Street",4.1,Ho Chi Minh City,300000,http://www.hotel84.com/hotel84-images/news/img1/buffet-hai-san-sky-garden.jpg
Seol Garden Restaurant,Restaurant,"1 Street 17A",3.9,Ho Chi Minh City,280000,https://saigontech.vn/upload/baiviet/anhdaidien1-9145.jpg
Chay Garden Restaurant,Restaurant,"Ho Chi Minh City, Vietnam",4.6,Ho Chi Minh City,200000,https://media-cdn.tripadvisor.com/media/photo-m/1280/17/0e/48/9d/chay-garden-vegetarian.jpg
Secret Garden,Restaurant,"131 Calmette",4.5,Ho Chi Minh City,280000,https://i0.wp.com/www.traveltrained.com/wp-content/uploads/2020/12/Secret-Garden-Restaurant-Ho-Chi-Minh-City-scaled.jpg?resize=1024,535&ssl=1
Buffet Poseidon,Restaurant,"Vo Van Kiet Street",4.3,Ho Chi Minh City,390000,https://img.restaurantguru.com/w550/h367/r70a-interior-Buffet-Poseidon-Quan-9-2024-05-1.jpg
Vua Rau Mushroom Hotpot Buffet,Restaurant,"Ho Chi Minh City, Vietnam",4.0,Ho Chi Minh City,220000,https://lookaside.fbsbx.com/lookaside/crawler/media/?media_id=122150015564504296
Shang Garden,Restaurant,"Ho Chi Minh City, Vietnam",4.4,Ho Chi Minh City,600000,https://housingsgn.com/wp-content/uploads/2024/02/shang-garden-restaurant.jpg
Halal Sai Gon Restaurant,Restaurant,"31 Dong Du",4.2,Ho Chi Minh City,350000,https://media-cdn.tripadvisor.com/media/photo-s/18/8c/28/2d/khong-gian-m-i-th-t-tuy.jpg
Bornga Restaurant,Restaurant,"Ho Chi Minh City, Vietnam",4.5,Ho Chi Minh City,500000,https://dynamic-media-cdn.tripadvisor.com/media/photo-o/27/5d/8c/41/caption.jpg?w=1200&h=-1&s=1
Beirut Restaurant,Restaurant,"74/13D Hai Ba Trung",4.3,Ho Chi Minh City,450000,https://dynamic-media-cdn.tripadvisor.com/media/photo-o/1b/bc/10/c9/beirut-villa-pool.jpg?w=900&h=500&s=1
Pizza 4P's,Restaurant,"8/15 Le Thanh Ton",4.9,Ho Chi Minh City,500000,https://www.e-architect.com/wp-content/uploads/2020/03/pizza-4ps-restaurant-vietnam-m300320-d8.jpg
Blanchy Street Restaurant,Restaurant,"74 Hai Ba Trung",4.2,Ho Chi Minh City,900000,https://img.restaurantguru.com/w550/h367/r04d-interior-Blanchy-Street.jpg
Khoi Thom Restaurant,Restaurant,"29 Ngo Thoi Nhiem",4.1,Ho Chi Minh City,280000,https://1033609670.rsc.cdn77.org/rests/small/w550/h367/329_508465746.jpg
Hidden French Restaurant,Restaurant,"84/32 Alley 84 Bui Vien",4.6,Ho Chi Minh City,700000,https://statics.vincom.com.vn/xu-huong/anh_thumbnail/nha-hang-phap-1.jpg
El Gaucho Restaurant,Restaurant,"5D Nguyen Sieu",4.8,Ho Chi Minh City,3200000,https://woodestinations.com/wp-content/uploads/El-Gaucho-Argentinian-Steakhouse-Ho-Chi-Minh-City-Vietnam.jpg
Stormp Saigon Restaurant,Restaurant,"5B Nguyen Sieu",4.0,Ho Chi Minh City,400000,https://www.breakingtravelnews.com/images/uploads/tourism/interior-of-nha-hang.jpg
The Boathouse Restaurant,Restaurant,"40 Lily Road",4.4,Ho Chi Minh City,480000,https://lookaside.fbsbx.com/lookaside/crawler/media/?media_id=61566776005640
Pendalosco,Restaurant,"30 Tong Huu Dinh",4.3,Ho Chi Minh City,420000,https://housingsgn.com/wp-content/uploads/2023/03/Pendolasco.jpg
Koto Restaurant,Restaurant,"151a Hai Ba Trung",4.5,Ho Chi Minh City,350000,https://media-cdn.tripadvisor.com/media/photo-p/12/3a/97/6f/photo0jpg.jpg
La Fourchette French Restaurant,Restaurant,"9 Ngo Duc Ke",4.7,Ho Chi Minh City,850000,https://statics.vincom.com.vn/xu-huong/anh_thumbnail/nha-hang-phap-1.jpg
Temple Club Restaurant,Restaurant,"29 Ton That Thiep",4.4,Ho Chi Minh City,600000,https://www.asia-bars.com/wp-content/uploads/2010/08/temple-Club-entrance00201.jpg
Huong Lai Restaurant,Restaurant,"38 Ly Tu Trong",4.3,Ho Chi Minh City,450000,https://media-cdn.tripadvisor.com/media/photo-s/15/c3/27/68/lai.jpg
The Sushi Bar 4,Restaurant,"159 Nguyen Dinh Chieu",4.5,Ho Chi Minh City,400000,https://rentapartment.vn/wp-content/uploads/2020/03/best-restaurant-Ho-Chi-Minh-city.jpg
Starbucks,Restaurant,"191-193 De Tham Street",4.2,Ho Chi Minh City,95000,https://c8.alamy.com/comp/K2G9WR/starbucks-coffee-house-ho-chi-minh-city-saigon-vietnam-K2G9WR.jpg
Propaganda Saigon Bistro,Restaurant,"21 Han Thuyen",4.4,Ho Chi Minh City,320000,https://propagandabistros.com/wp-content/uploads/2022/06/propaganda-open.jpg
The Loop,Restaurant,"49 Thao Dien",4.3,Ho Chi Minh City,250000,https://statics.vinpearl.com/Vietnamese-restaurants-in-Ho-Chi-Minh-City-04_1694343174.jpg
Com Ga Tam Ky Hong Nga,Restaurant,"158A Bui Thi Xuan",3.8,Ho Chi Minh City,75000,https://toplist.vn/images/800px/com-ga-tam-ky-hong-nga-1012164.jpg
Com Tam Anh Tu,Restaurant,"43 Cay Keo",3.9,Ho Chi Minh City,60000,https://img.restaurantguru.com/w550/h367/rd8a-Com-tam-Anh-Minh-design.jpg
Banh Canh Bay,Restaurant,"41 Cay Keo",3.8,Ho Chi Minh City,50000,https://img.restaurantguru.com/c363-Restaurant-Banh-canh-cua-Di-Bay-meals.jpg
Spice India Restaurant,Restaurant,"1b Bui Vien",4.4,Ho Chi Minh City,280000,https://dynamic-media-cdn.tripadvisor.com/media/photo-o/29/93/e6/78/caption.jpg?w=1200&h=1200&s=1
Lau Mam Ba Du,Restaurant,"19 Tran Khac Chan",4.1,Ho Chi Minh City,320000,https://localinsider.storage.googleapis.com/2021/10/Vietnamese-tradional-food_Lau-mam-Ba-Du.jpeg
Ut Ca Mau Restaurant,Restaurant,"215 Dien Bien Phu, District 3",4.2,Ho Chi Minh City,350000,https://www.saigonlocaltour.com/wp-content/uploads/Ut-Ca-Mau-Restaurant-Saigon-Local-Tour.jpg
Non La Guys Restaurant,Restaurant,"24 Alley 40 Bui Vien",4.4,Ho Chi Minh City,200000,https://hotel84.com/hotel84-images/news/img1/nha-hang-non-la.jpg
Royal Saigon Restaurant,Restaurant,"201 Bui Vien Street",4.5,Ho Chi Minh City,250000,https://www.breakingtravelnews.com/images/uploads/tourism/interior-of-nha-hang.jpg
Ut Ca Mau Restaurant,Restaurant,"512 Nguyen Thi Minh Khai Street",4.1,Ho Chi Minh City,350000,https://www.saigonlocaltour.com/wp-content/uploads/Ut-Ca-Mau-Restaurant-Saigon-Local-Tour.jpg
Pullman Beach Resort,Resort,"Da Nang, Vietnam",4.7,Da Nang,4800000,https://www.pullman-danang.com/wp-content/uploads/sites/86/2021/01/Pullman-Danang-Beach-Resort_-5-Star-Hotels_AccorHotels.jpg
Melia Danang Beach Resort,Resort,"Da Nang, Vietnam",4.6,Da Nang,4200000,https://dynamic-media-cdn.tripadvisor.com/media/photo-o/0b/7a/37/ca/overview.jpg?w=1200&h=-1&s=1
Golden Lotus Grand,Hotel,"Da Nang, Vietnam",4.0,Da Nang,1100000,https://q-xx.bstatic.com/xdata/images/hotel/max1024x768/461168326.jpg?k=45517481876ae52cea7b1255a2ea32eff791a864f0f14fe34f51750aad9684eb&o=
Menora Grand Hotel,Hotel,"69-71-73 Do Bi Street",3.0,Da Nang,750000,https://q-xx.bstatic.com/xdata/images/hotel/max1024x768/382581872.jpg?k=29e5b6376932a32416b18aceb4fa2feeee954f2462aab2096f8dfbbf4616946c&o=
Grand Tourane Hotel,Hotel,"252 Vo Nguyen Giap Street",4.4,Da Nang,2100000,https://dynamic-media-cdn.tripadvisor.com/media/photo-o/24/1d/ba/d4/grand-tourane-hotel.jpg?w=700&h=-1&s=1
G8 Luxury Hotel,Hotel,"59 Le Duan Street, Hai Chau District",4.2,Da Nang,1300000,https://www.cotrang.org/public/images/tin_dang/6/127_g8-luxury-59-le-duan-da-nang-bk-1.jpg
Grand Sea View Hotel,Hotel,"121 Hoang Ke Viem Street",3.9,Da Nang,900000,https://dynamic-media-cdn.tripadvisor.com/media/photo-o/19/55/02/41/grand-sea-view-by-vie.jpg?w=700&h=-1&s=1
Grand Gold,Hotel,"Da Nang, Vietnam",4.1,Da Nang,1400000,https://cf.bstatic.com/xdata/images/hotel/max1024x768/382629412.jpg?k=16ebf92dfea368bc02dd2e3db7ca3252c7aabf9aafdc3ebb83223706a5443127&o=&hp=1
Santa Luxury,Hotel,"Da Nang, Vietnam",4.0,Da Nang,1050000,https://images.trvl-media.com/lodging/47000000/46060000/46058600/46058526/0890a803.jpg?impolicy=fcrop&w=1200&h=800&p=1&q=medium
Golden Lotus Luxury,Hotel,"Da Nang, Vietnam",4.2,Da Nang,1350000,https://cf.bstatic.com/xdata/images/hotel/max1024x768/439867195.jpg?k=0d21972a3fb58e85d85e5487e99b168756b0b55b838cc2f0e41a66eed930327a&o=&hp=1
Monalisa Luxury,Hotel,"Da Nang, Vietnam",3.8,Da Nang,850000,https://eng.monalisaluxuryhotel.com/uploads/gallery/3-1690520759_1.jpg
Royal Charm,Hotel,"Da Nang, Vietnam",3.7,Da Nang,800000,https://dynamic-media-cdn.tripadvisor.com/media/photo-o/1a/00/ca/df/royal-charm-hotel.jpg?w=700&h=-1&s=1
Palazzo Luxury,Hotel,"Da Nang, Vietnam",3.9,Da Nang,950000,http://palazzohotel.com.vn/upload/hinhthem/3420370021407dfa53d1ek-7463.jpg
Furama Resort,Resort,"105 Vo Nguyen Giap, Ngu Hanh Son",5.0,Da Nang,6200000,https://danang365.com/wp-content/uploads/2024/10/Furama-Courtyard-2-1024x683-1.png
Luxury Hotel,Hotel,"Tran Phu Street",3.8,Da Nang,850000,https://theluxuryeditor.com/wp-content/uploads/2018/10/100075162.jpg
Royal Ocean,Hotel,"Da Nang, Vietnam",3.9,Da Nang,900000,https://cf.bstatic.com/xdata/images/hotel/max1024x768/441605715.jpg?k=a3bfaf791433840d2712e96fa1e3d4bad44ed2b6cf0deeb2dd5bc5bbcdfd2c1d&o=&hp=1
Aria Grand,Hotel,"Da Nang, Vietnam",4.1,Da Nang,1200000,https://q-xx.bstatic.com/xdata/images/hotel/max1024x768/487328080.jpg?k=14a57bb81515c4f9525c3158929b9cc1adfe05f01df0c8db9ce3bbc2f94186ad&o=
Grand Sunrise Boutique,Hotel,"Da Nang, Vietnam",4.0,Da Nang,1100000,https://cf.bstatic.com/xdata/images/hotel/max1024x768/199232648.jpg?k=43d0182c3ab9468feda991988b896eb8891d4a73dbb268b8ba7a850f0ab9355a&o=&hp=1
Royal Lotus Hotel,Hotel,"120 Nguyen Van Thoai",4.3,Da Nang,1500000,https://cf.bstatic.com/xdata/images/hotel/max1024x768/71404921.jpg?k=bd483cc5d86f80a158dc48f0bf828a2e8d1b6ed6f44e7b1477acd8d23e561566&o=&hp=1
Grand Ocean,Hotel,"Da Nang, Vietnam",4.1,Da Nang,1300000,https://stepwisewonders.com/wp-content/uploads/2024/03/d8ae9ab7-1024x777.jpg
Hilton Garden Inn Da Nang,Hotel,"96 Vo Nguyen Giap Street",4.4,Da Nang,2400000,https://photo.golfasian.com/userpics/10001/Exterior-Drone.jpg
Hilton Da Nang,Hotel,"50 Bach Dang, Hai Chau",4.6,Da Nang,3200000,https://danangfantasticity.com/wp-content/uploads/2019/08/hilton-da-nang-trai-nghiem-khach-san-day-phong-cach-giua-long-thanh-pho-da-nang-02.jpg
Four Points By Sheraton Danang,Hotel,"118-120 Vo Nguyen Giap Street",4.5,Da Nang,2800000,https://cache.marriott.com/marriottassets/marriott/DADFP/dadfp-exterior-6340-hor-clsc.jpg
Melia Vinpearl Danang Riverfront,Hotel,"Da Nang, Vietnam",4.6,Da Nang,2900000,https://vietnam-amazing.com/wp-content/uploads/2024/01/Melia-Vinpearl-Danang-Hotel.jpeg
Goldenline Hotel Da Nang,Hotel,"63-65-67 Do Bi Street, Ngu Hanh Son",3.8,Da Nang,950000,http://goldenlinehotel.com/wp-content/uploads/2019/06/Mat-tien.jpg
Muong Thanh,Hotel,"Da Nang, Vietnam",4.0,Da Nang,1400000,https://pix10.agoda.net/hotelImages/219/2190907/2190907_17080417080054905485.jpg?s=1024x768
Fusion Suites,Hotel,"88 Vo Nguyen Giap Street",4.5,Da Nang,3200000,https://fusionresorts.com/danang/wp-content/uploads/2024/07/THUMBNAIL-Ocean-view-suite-1-1024x683.webp
Golden Sun,Hotel,"Da Nang, Vietnam",3.7,Da Nang,750000,https://cdn2.vietnambooking.com/wp-content/uploads/hotel_pro/hotel_491141/9be54906c46a0f76a0e3ab98b2cf8937.jpg
Peninsula,Hotel,"Da Nang, Vietnam",4.4,Da Nang,2100000,https://dynamic-media-cdn.tripadvisor.com/media/photo-o/29/6d/9e/50/peninsula-hotel-danang.jpg?w=1400&h=-1&s=1
Golden Lotus Hotel,Hotel,"Da Nang, Vietnam",3.8,Da Nang,950000,https://cf.bstatic.com/xdata/images/hotel/max1024x768/439867195.jpg?k=0d21972a3fb58e85d85e5487e99b168756b0b55b838cc2f0e41a66eed930327a&o=&hp=1
Novotel,Hotel,"Da Nang, Vietnam",4.6,Da Nang,3600000,http://www.cfmedia.vfmleonardo.com/imageRepo/5/0/89/540/858/8287_ho_00_p_3000x2250_O.jpg
Golden Star Hotel,Hotel,"04-06 Phan Liem Street",3.6,Da Nang,700000,https://lookaside.fbsbx.com/lookaside/crawler/media/?media_id=2149301248689998
Tia Wellness Resort,Resort,"Da Nang, Vietnam",4.8,Da Nang,9500000,https://destinationdeluxe.com/wp-content/uploads/2020/02/TIA-Wellness-Resort-Da-Nang-Destination-Deluxe.jpg
Olalani Resort & Condotel,Resort,"111 Vo Nguyen Giap Street",4.3,Da Nang,3200000,https://images.trvl-media.com/hotels/7000000/6640000/6632400/6632384/a82bd919.jpg?impolicy=fcrop&w=1200&h=800&p=1&q=medium
Risemount Premier Resort,Resort,"Da Nang, Vietnam",4.4,Da Nang,2900000,https://media-cdn.tripadvisor.com/media/photo-s/25/7f/dd/c8/risemount-premier-resort.jpg
Furama Villas,Hotel,"107 Vo Nguyen Giap, Ngu Hanh Son",5.0,Da Nang,9200000,https://cf.bstatic.com/xdata/images/hotel/max1024x768/87028370.jpg?k=64c9bafb1544196a2e361717984887e3c96d990caa259d2b47130c050f9cb19b&o=&hp=1
Pulchra Resort Da Nang,Resort,"Da Nang, Vietnam",4.7,Da Nang,5500000,https://dynamic-media-cdn.tripadvisor.com/media/photo-o/07/32/5b/01/caption.jpg?w=1000&h=-1&s=1
Belle Maison Parosand Hotel,Hotel,"216 Vo Nguyen Giap Street, Son Tra",4.0,Da Nang,1800000,https://dynamic-media-cdn.tripadvisor.com/media/photo-o/10/8f/7e/49/belle-maison-parosand.jpg?w=1800&h=1000&s=1
Dan Oasis Hotel,Hotel,"A2.3 Hoang Sa, Son Tra",3.0,Da Nang,650000,https://c.otcdn.com/imglib/hotelfotos/8/457/hotel-dan-oasis-and-apartment-da-nang-20240614173220032500.jpg
Ta Boutique Hotel,Hotel,"38 Hoang Ke Viem Street",3.9,Da Nang,900000,https://static.readytotrip.com/upload/information_system_24/3/6/6/item_3668442/information_items_3668442.jpg
Green Plaza Hotel,Hotel,"238 Bach Dang, Hai Chau",4.0,Da Nang,1300000,https://bazantravel.com/cdn/medias/uploads/30/30772-green-plaza-da-nang-670x446.jpg
Estrella Hotel,Hotel,"Da Nang, Vietnam",4.1,Da Nang,1100000,https://dynamic-media-cdn.tripadvisor.com/media/photo-o/29/5c/d9/a0/estrella-boutique-hotel.jpg?w=700&h=-1&s=1
Palazzo Boutique,Hotel,"Da Nang, Vietnam",4.0,Da Nang,1000000,https://dynamic-media-cdn.tripadvisor.com/media/photo-o/2b/31/39/48/caption.jpg?w=900&h=500&s=1
Bella Boutique Villa,Hotel,"29 Do The Chap, Son Tra",4.2,Da Nang,1400000,https://media-cdn.tripadvisor.com/media/photo-s/19/d1/d0/3f/outdoor-swimming-pool.jpg
Fivitel Boutique Da Nang,Hotel,"202",3.8,Da Nang,950000,https://dynamic-media-cdn.tripadvisor.com/media/photo-o/16/f6/b0/44/fivitel-boutique-da-nang.jpg?w=800&h=-1&s=1
Ponte Boutique Da Nang,Hotel,"104 Ho Nghinh",4.0,Da Nang,1050000,https://www.holidify.com/images/cmsuploads/compressed/222655818_20220223180042.jpg
Haka Boutique Hotel,Hotel,"Da Nang, Vietnam",3.9,Da Nang,920000,https://lookaside.fbsbx.com/lookaside/crawler/media/?media_id=100063747032879
Rivera Boutique,Hotel,"Da Nang, Vietnam",3.7,Da Nang,800000,https://cf.bstatic.com/xdata/images/hotel/max1024x768/488895973.jpg?k=6ef0ac1a69a2e9fab7b7bc907d846e8b3fa72352a971db14d6a681a3534a9325&o=&hp=1
Ecogreen Boutique,Hotel,"Da Nang, Vietnam",3.8,Da Nang,850000,https://dynamic-media-cdn.tripadvisor.com/media/photo-o/10/6d/0b/a6/eco-green-boutique-hotel.jpg?w=700&h=-1&s=1
Babylon Steakgarden,Restaurant,"Da Nang, Vietnam",4.4,Da Nang,500000,https://dynamic-media-cdn.tripadvisor.com/media/photo-o/0e/f4/bf/3b/babylon-steak-garden.jpg?w=900&h=-1&s=1
Al Fresco's Cafe & Grill,Restaurant,"210 Tran Phu Street",4.2,Da Nang,350000,https://lookaside.fbsbx.com/lookaside/crawler/media/?media_id=100077012156927
Xom Moi Garden Danang,Restaurant,"222 Tran Phu Street",4.3,Da Nang,380000,https://i.ytimg.com/vi/uKCAkmG4hUI/maxresdefault.jpg
Faifo Grill & Buffet Restaurant,Restaurant,"Da Nang, Vietnam",4.0,Da Nang,300000,https://media-cdn.tripadvisor.com/media/photo-s/0a/96/19/5b/qu-y-buffet.jpg
Danang Tower Steakhouse,Restaurant,"Tran Hung Dao Street",4.5,Da Nang,700000,https://media-cdn.tripadvisor.com/media/photo-m/1280/1c/e1/09/79/37.jpg
Butcher Grilled,Restaurant,"Da Nang, Vietnam",4.2,Da Nang,350000,https://lookaside.fbsbx.com/lookaside/crawler/media/?media_id=122266707548002679
For You Steakhouse And Seafood,Restaurant,"Da Nang, Vietnam",4.1,Da Nang,400000,https://media-cdn.tripadvisor.com/media/photo-s/1a/96/44/f6/getlstd-property-photo.jpg
Doc Moc Buffet,Restaurant,"Da Nang, Vietnam",3.9,Da Nang,250000,https://dynamic-media-cdn.tripadvisor.com/media/photo-o/2e/3b/1c/f8/caption.jpg?w=900&h=500&s=1
Seoul Garden,Restaurant,"Da Nang, Vietnam",4.0,Da Nang,320000,https://cdn.concreteplayground.com/content/uploads/2024/12/Seoul-Garden_Sunnybank_26_supplied.jpg
Le’garden,Restaurant,"Da Nang, Vietnam",4.2,Da Nang,220000,https://media-cdn.tripadvisor.com/media/photo-s/0f/63/3f/5e/outside.jpg
Yomma Grill,Restaurant,"Da Nang, Vietnam",3.9,Da Nang,280000,https://lookaside.fbsbx.com/lookaside/crawler/media/?media_id=122200199792126983
Mobioneer Company,Restaurant,"Da Nang, Vietnam",4.1,Da Nang,180000,https://statics.vinpearl.com/best-restaurants-in-da-nang-09_1688455740.jpg
The Amazing Taco,Restaurant,"29 My An 5",4.6,Da Nang,200000,https://www.willflyforfood.net/wp-content/uploads/2023/04/da-nang-restaurants-pinterest.jpg.webp
Thai Market,Restaurant,"4 Tran Quoc Toan",4.3,Da Nang,250000,https://danangfantasticity.com/wp-content/uploads/2018/12/thai-market-am-thuc-thai-co-mot-khong-hai-giua-long-da-nang.jpg
Thai Market,Restaurant,"46 Thai Phien",4.3,Da Nang,250000,https://danangfantasticity.com/wp-content/uploads/2018/12/thai-market-am-thuc-thai-co-mot-khong-hai-giua-long-da-nang.jpg
Six On Six,Restaurant,"64 Ba Huyen Thanh Quan Street",4.5,Da Nang,180000,https://media-cdn.tripadvisor.com/media/photo-s/18/9d/84/c5/six-on-six.jpg
Lam Vien Restaurant,Restaurant,"Da Nang, Vietnam",4.2,Da Nang,280000,https://vietnamtravel.in/wp-content/uploads/2022/09/f1af1-lam-vien-restaurant-in-da-nang.jpg
Mama Hotpot,Restaurant,"19A Vo Van Kiet Street",4.0,Da Nang,320000,https://media-cdn.tripadvisor.com/media/photo-m/1280/2f/99/08/b0/mama-hotpot.jpg
Vegetarian Restaurant,Restaurant,"87 Hoang Van Thu Street",4.0,Da Nang,150000,https://images.happycow.net/venues/1024/44/47/hcmp444706_3217483.jpeg
Bao An Macrobiotic,Restaurant,"56 Hoang Bich Son Street",4.4,Da Nang,180000,https://img.restaurantguru.com/c3ff-Restaurant-Bao-An-Macrobiotic-interior.jpg
Monsieur Crepes,Restaurant,"Da Nang, Vietnam",4.5,Da Nang,200000,https://images.foody.vn/res/g76/756915/s/foody-monsieur-crepes-am-thuc-duong-pho-phap-507-636663863027211222.jpg
Mumtaz,Restaurant,"69 Hoai Thanh",4.1,Da Nang,280000,https://vietnamteachingjobs.com/wp-content/uploads/2023/12/best-restaurants-in-da-nang-Mumtaz-Indian-Restaurant.jpg
My Casa,Restaurant,"53 Morrison Street",4.6,Da Nang,350000,https://vietnamdiscovery.com/wp-content/uploads/2020/11/Outside-My-Casa-restaurant-in-danang.jpg
Bikini Bottom Express,Restaurant,"45-47 An Thuong 2",4.3,Da Nang,220000,https://ahoyvietnam.com/wp-content/uploads/2024/10/Bikini-Bottom-Express-AhoyVietnam-Featured.webp
Tacos Danang,Restaurant,"72/17 Nguyen Van Thoai",4.2,Da Nang,200000,https://images.happycow.net/venues/1024/17/99/hcmp179903_1381830.jpeg
Namaste Omar's Indian Restaurant,Restaurant,"06 Thai Phien Street",4.5,Da Nang,320000,https://lookaside.fbsbx.com/lookaside/crawler/media/?media_id=100069455360988
My Quang Ba Mua,Restaurant,"195/2 Nguyen Van Thoai Street",4.1,Da Nang,70000,https://media-cdn.tripadvisor.com/media/photo-s/14/7c/76/ea/myquangbamua-largejpg.jpg
Ht Coffee,Restaurant,"12 Hoang Xuan Nhi Street",3.8,Da Nang,50000,https://c8.alamy.com/compfr/2r4tb94/menu-du-cafe-restaurant-danang-vietnam-le-vietnam-est-le-deuxieme-producteur-de-cafe-au-monde-et-il-y-a-eu-un-boom-dans-les-cafes-a-travers-le-compte-2r4tb94.jpg
Limoncello,Restaurant,"212 Tran Phu Street",4.4,Da Nang,380000,https://vietnamdiscovery.com/wp-content/uploads/2019/10/Limoncello-Da-Nang.jpg
My Quang Da Nang Ba Mua,Restaurant,"44 Le Dinh Duong Street",4.1,Da Nang,70000,https://diachiamthuc.vn/wp-content/uploads/2022/03/Mi-Quang-Ba-Mua-Da-Nang.jpg
Cardi Pizzeria,Restaurant,"124 Bach Dang",4.3,Da Nang,280000,https://media-cdn.tripadvisor.com/media/photo-s/26/12/a8/27/caption.jpg
Carol Lounge,Restaurant,"28d Dong Da Street",4.2,Da Nang,220000,https://chillvietnam.com/wp-content/uploads/elementor/thumbs/carol-lounge-da-nang-1685191130-q72f375nxf6rxylzh9bd7vx04xfwhe2l324awv83ag.jpg
Roots Plant-Based Cafe,Restaurant,"27 Tran Bach Dang",4.6,Da Nang,200000,https://images.happycow.net/venues/1024/13/04/hcmp130441_1959830.jpeg
Bo De Tam - Bodhicitta,Restaurant,"117 Ung Van Khiem Street",4.1,Da Nang,90000,https://images.happycow.net/venues/1024/16/80/hcmp168036_2043896.jpeg
No Nee,Restaurant,"04 Phan Boi Chau Street",3.9,Da Nang,180000,https://www.willflyforfood.net/wp-content/uploads/2023/04/da-nang-restaurants-pinterest.jpg.webp
Ivegan,Restaurant,"Da Nang, Vietnam",4.7,Da Nang,220000,https://emsglobetrottinggems.com/wp-content/uploads/2025/04/Best-vegan-restaurants-Da-Nang-9-644x1024.webp
La Cabana - House Of Bbq,Restaurant,"505 Tran Hung Dao Street",4.6,Da Nang,450000,https://cdn.khamphadanang.vn/wp-content/uploads/2025/03/la-cabana-house-of-bbq-1.jpg?strip=all&lossy=1&w=2560&ssl=1
Bep Cua Ma,Restaurant,"346 Hai Thang Chin",4.3,Da Nang,200000,https://lookaside.fbsbx.com/lookaside/crawler/media/?media_id=122144995346245061
Bababa Japanese Restaurant,Restaurant,"333 Ho Nghinh Street",4.5,Da Nang,350000,https://img.restaurantguru.com/w550/h367/ra3e-interior-BaBaBa-Japanese-Restaurant-2024-08.jpg
Olivia Pizza,Restaurant,"309 Ho Nghinh Street",4.2,Da Nang,250000,https://media-cdn.tripadvisor.com/media/photo-s/27/c3/e2/f1/store-space.jpg
Seoul Spicy Noodles Hai Chau,Restaurant,"Lot B6-B7, 2/9 Street, Binh Thuan, Hai Chau",4.1,Da Nang,90000,https://micayseoul.com.vn/wp-content/uploads/2024/09/menu-da-nang-fn-03-8921.gif
Luk Lak,Restaurant,"28 Bach Dang",4.4,Da Nang,380000,https://luklak.vn/wp-content/uploads/2023/12/IMG_7569-Large.jpeg
Bikini Bottom Express Pink Church,Restaurant,"154 Tran Phu Street",4.3,Da Nang,220000,https://ahoyvietnam.com/wp-content/uploads/2024/10/Bikini-Bottom-Express-AhoyVietnam-Featured.webp
Chickpea Eatery,Restaurant,"185 Dang Vu Hy Street",4.5,Da Nang,180000,https://images.happycow.net/venues/1024/44/64/hcmp446411_3296554.jpeg
Le Comptoir,Restaurant,"16 Che Lan Vien",4.8,Da Nang,900000,https://danangfantasticity.com/wp-content/uploads/2020/12/experience-the-french-style-festive-season-at-le-comptoir-01-1536x1024.jpg
Vietnom Local Eatery,Restaurant,"97 Mai Thuc Lan",4.3,Da Nang,150000,https://media-cdn.tripadvisor.com/media/photo-s/2b/13/e7/de/signature-my-quang.jpg
Missteak,Restaurant,"99 Mai Thuc Lan",4.2,Da Nang,320000,https://dynamic-media-cdn.tripadvisor.com/media/photo-o/2b/06/11/70/caption.jpg?w=1100&h=600&s=1
Rainbowl Poke,Restaurant,"95 Mai Thuc Lan",4.4,Da Nang,200000,https://media-cdn.tripadvisor.com/media/photo-s/23/6a/95/a3/poke-bowl.jpg
Loving Vegan,Restaurant,"Da Nang, Vietnam",4.3,Da Nang,140000,https://www.explorevietnam.com.vn/da-nang/wp-content/uploads/2025/01/Loving-VeganVegan-Restaurants-in-Danang.png
Name,Type,Address,Ratings,Location,Price,Image
Grand Sunrise Palace,Hotel,"Hoi An, Vietnam",4.5,Hoi An,1800000,https://dynamic-media-cdn.tripadvisor.com/media/photo-o/2a/17/de/27/grand-sunrise-palace.jpg?w=1400&h=-1&s=1
Ancient House Village Resort,Resort,Thanh Dong,4.0,Hoi An,2200000,https://ancienthouseresort.com/uploads/About/About_03.jpg
Palm Garden Resort,Resort,"Hoi An, Vietnam",5.0,Hoi An,4500000,https://cfimages.mercuryholidays.co.uk/3vgdkcmqrnp2/4gdyGqV15Vvfiw0yoNZnte/125eae04ddb342f40475057244c1945c/Palm-Garden-Hoi-An-Resort-Hero.jpg?w=1920&fm=jpg&fl=progressive
Golden River Hotel,Hotel,"4 Nguyen Phuc Chu Street",3.8,Hoi An,750000,https://dynamic-media-cdn.tripadvisor.com/media/photo-o/1a/c9/bf/93/golden-river-hotel.jpg?w=900&h=-1&s=1
Golden Bell Backpacker Hotel,Hotel,"33A Ly Thai To Street",3.5,Hoi An,450000,https://ik.imagekit.io/tvlk/apr-asset/dgXfoyh24ryQLRcGq00cIdKHRmotrWLNlvG-TxlcLxGkiDwaUSggleJNPRgIHCX6/hotel/asset/10031223-b5041a26f686fd56afcb2e617de89022.jpeg?tr=q-40,c-at_max,w-1280,h-720&_src=imagekit
Emerald Hoi An Riverside Resort,Resort,"127 Ngo Quyen Street",4.2,Hoi An,2500000,https://emeraldhoianriverside.com/wp-content/uploads/2023/04/banner-home-scaled.jpg
Anantara Resort,Resort,"1 Pham Hong Thai Street",4.7,Hoi An,5800000,https://assets.anantara.com/image/upload/q_auto,f_auto/media/minor/anantara/images/anantara-hoi-an-resort/gallery/overview/anantara_hoi_an_resort_exterior_view_aerial_view_of_the_resort_on_the_bank_of_thu_bon_1920x1037-(2).jpg?mw=1440
Pho Hoi Riverside Resort,Resort,"1 Nguyen Tri Phuong Street",4.0,Hoi An,1900000,https://ik.imgkit.net/3vlqs5axxjf/external/http://images.ntmllc.com/v4/hotel/T39/T39592/T39592_EXT_ZBB36A.JPG?tr=w-1200,fo-auto
Nghe Garden Resort,Resort,"Tran Nhan Tong Street",4.1,Hoi An,2100000,https://cf.bstatic.com/xdata/images/hotel/max1024x768/546552272.jpg?k=450d212b3744f37ab3aa7a11bec74a24b581a45318e37d8961a53c05d9e653b0&o=&hp=1
Bel Marina Hoi An Resort,Resort,"127 Nguyen Phuc Tan Street",4.6,Hoi An,3200000,https://belmarinahoian.com/wp-content/uploads/2025/01/Bel-Marina-Hoi-An-Resort-infinity-pool.jpg
Riverside Bamboo Resort,Resort,"Hoi An, Vietnam",4.0,Hoi An,1800000,https://dynamic-media-cdn.tripadvisor.com/media/photo-o/2c/39/7d/fc/caption.jpg?w=1200&h=-1&s=1
Hoi An Trails Resort,Resort,"Hoi An, Vietnam",4.2,Hoi An,2300000,https://dcontent.inviacdn.net/shared/img/web-1200x1024/2020/4/29/d17/25649593-hoi-an-trails-resort.jpg
Lantana Riverside Hotel Hoi An,Hotel,"52 Huyen Tran Cong Chua Street",4.0,Hoi An,1200000,http://lantanariverside.com/wp-content/uploads/2023/09/deluxeriver4-scaled.jpg
Wafaifo Resort,Resort,"Hoi An, Vietnam",4.3,Hoi An,2600000,https://www.wafaifo.com/wp-content/uploads/sites/13/2024/10/Outside_1-1-2200x1200.jpg
Silk Sense Hoi An River Resort,Resort,"Hoi An, Vietnam",4.8,Hoi An,3900000,https://dynamic-media-cdn.tripadvisor.com/media/photo-o/1b/74/2c/4b/overview-of-the-resort.jpg?w=1400&h=-1&s=1
Agribank Hoi An Beach Resort,Resort,"Hoi An, Vietnam",4.0,Hoi An,1700000,https://tropicalbeachresort.hoianhotelsweb.com/data/Imgs/OriginalPhoto/12285/1228552/1228552475/img-agribank-beach-resort-hoi-an-86.JPEG
Yzistel Hoi An,Hotel,"39 Le Quy Don Street, Hoi An",4.0,Hoi An,1100000,https://media-cdn.tripadvisor.com/media/photo-s/2f/9f/c9/98/yzistel-hoi-an.jpg
Thien Thanh Boutique Hotel,Hotel,"16 Ba Trieu Street",3.9,Hoi An,950000,https://assets.hotel.check24.de/size=0x450/nfc=404/source=aHR0cHM6Ly9pLnRyYXZlbGFwaS5jb20vbG9kZ2luZy8yMDAwMDAwLzE0NTAwMDAvMTQ0ODAwMC8xNDQ3OTg2LzIzZWRhM2UyX3ouanBn!80810d/picture.jpg
Lantana Hoi An Boutique Hotel,Hotel,"9 Thoai Ngoc Hau Street",4.4,Hoi An,1600000,https://hotlinedatphong.com/wp-content/uploads/2019/05/154877099.jpg
Reu Boutique Hotel,Hotel,"128/9 Ly Thai To Street",4.1,Hoi An,1050000,https://www.reu.com.vn/wp-content/uploads/2024/06/reu-hotel.jpg
Oriental Boutique Hoi An,Hotel,"330 Cua Dai Street",3.8,Hoi An,850000,https://orientalboutiquehoian.com/wp-content/uploads/2023/12/mid-scaled.jpg
Vaia Hoi An Boutique Hotel,Hotel,"489 Cua Dai Street",3.7,Hoi An,780000,https://cf.bstatic.com/xdata/images/hotel/max1024x768/668161950.jpg?k=031fa66db603e171adecbe635794d8b7fdba28988764b0cecebfd109d97925fa&o=&hp=1
Aira Boutique Hoi An Hotels & Villa,Hotel,"128 Nguyen Phan Vinh Street",4.5,Hoi An,1900000,http://airaboutiquehoian.com/files/images/Home-config/welcome.jpg
Mai Boutique Villa Hoi An,Hotel,"Hoi An, Vietnam",4.2,Hoi An,1400000,https://cf.bstatic.com/xdata/images/hotel/max1024x768/694739718.jpg?k=15d72e27519805349e029e86c307ce590095a014df6ac2f41113f0f552f6815e&o=&hp=1
Long Life Riverside,Hotel,"61 Nguyen Phuc Chu Street",3.9,Hoi An,880000,https://www.alamy.com/aggregator-api/download?url=https://c8.alamy.com/comp/2NFC2DN/the-long-life-riverside-hotel-hoi-an-vietnam-2NFC2DN.jpg
Ha An Hotel,Hotel,"6-8 Phan Boi Chau Street",4.0,Hoi An,920000,https://pix10.agoda.net/hotelImages/391/391530/391530_15081117010034061095.jpg?ca=5&ce=1&s=1024x768
Phuoc An Hotel,Hotel,"39 Tran Cao Van Street, Quang Nam",3.6,Hoi An,650000,https://hoianstay.com/wp-content/uploads/2016/01/Phuocan-hotel.jpg
Hai Yen Hotel,Hotel,"576 Cua Dai Street",3.5,Hoi An,550000,https://vietnambirdingtours.com/wp-content/uploads/2019/12/hai-yen-hotel-hoi-an.jpg
Hoi An Red Frangipani Villa,Hotel,"Thanh Tay Block, Cua Dai",4.3,Hoi An,1500000,https://media-cdn.tripadvisor.com/media/photo-s/0b/09/cc/4d/ad.jpg
Sincerity Hotel,Hotel,"Le Dinh Tham Street",3.8,Hoi An,720000,https://hoiansincerityhotel.com/wp-content/uploads/2023/07/sincerity-hotel-hoian.jpg
Emm Hotel Hoi An,Hotel,"187 Ly Thuong Kiet Street",4.1,Hoi An,1150000,https://www.emmhotels.com/wp-content/uploads/2023/04/EHA-Gallery-Overview-13.jpg
B'lan Riverside Villa,Hotel,"180 Nguyen Phuc Tan Street",4.0,Hoi An,980000,https://cf.bstatic.com/xdata/images/hotel/max1024x768/133021302.jpg?k=fa3b7fe8f7efd55659184b465011f6c6aa7f896e5e107158ca23b8b59ed916e6&o=&hp=1
Sunshine Hotel,Hotel,"Hoi An, Vietnam",3.7,Hoi An,680000,https://cf.bstatic.com/xdata/images/hotel/max1024x768/40178734.jpg?k=4aa35d14e8fbf1b0a4b7aba584eaef0fa56b2241122c79041d21167ac9b3bde8&o=&hp=1
Phuc Thao Villa,Hotel,"119A Tran Nhat Duat Street",4.2,Hoi An,1300000,https://dynamic-media-cdn.tripadvisor.com/media/photo-o/07/74/b5/3b/phuc-thao-villa.jpg?w=1200&h=-1&s=1
Khamy Cafe Hotel,Hotel,"40 Huyen Tran Cong Chua Street",3.8,Hoi An,700000,https://www.princessintransit.com/wp-content/uploads/2018/03/Kha-My-Cafe-5-Hoi-An-Vietnam.jpg
Triple Riverside Villas,Hotel,"Huyen Tran Cong Chua Street",4.1,Hoi An,1250000,https://dynamic-media-cdn.tripadvisor.com/media/photo-o/24/f6/8d/85/hanz-triple-riverside.jpg?w=700&h=-1&s=1
Santa Villa Hoi An,Hotel,"17 Nguyen Phan Vinh Street",4.3,Hoi An,1450000,https://dynamic-media-cdn.tripadvisor.com/media/photo-o/12/0c/96/f0/santa-villa-hoi-an.jpg?w=900&h=500&s=1
Cong Doan Hoi An Hotel,Hotel,"80 Tran Hung Dao Street, Hoi An",2.0,Hoi An,350000,https://thegioihinhanh.com/uploads/images/editor/khach+san+Cong+Doan+Hoi+An_4.jpg
Hoang Trinh Hotel,Hotel,"45 Le Quy Don Street, Hoi An City",3.0,Hoi An,450000,https://q-xx.bstatic.com/xdata/images/hotel/max1024x768/114577221.jpg?k=ddbe5d22d4c9ac70f3a5e657b4526b4f4e0c93e72f78c5a0f45daba5f301a009&o=
Mongolian Grill Buffet Restaurant,Restaurant,"Hoi An, Vietnam",4.2,Hoi An,350000,https://img.restaurantguru.com/r1c2-design-Hoi-An-Mongolian-Grill-Buffet-restaurant-2024-05.jpg
Morning Glory Signature,Restaurant,"41 Nguyen Phuc Chu Street",4.6,Hoi An,450000,https://www.tastevietnam.asia/images/morning_glory/dsc_2554.jpg
Caddilac Bar & Grill,Restaurant,"225 Cua Dai Street",4.1,Hoi An,280000,https://dynamic-media-cdn.tripadvisor.com/media/photo-o/2b/e8/30/69/ribs-amazing.jpg?w=1200&h=-1&s=1
Bazar Garden Restaurant,Restaurant,"36 Tran Phu Street",4.3,Hoi An,320000,https://www.mumonthemove.com/wp-content/uploads/2015/09/Secret-Garden-Hoi-An.jpg
Pho Xua,Restaurant,"35 Phan Chau Trinh Street",4.0,Hoi An,60000,https://lookaside.fbsbx.com/lookaside/crawler/media/?media_id=100063622026466
An Bang Beach Village,Restaurant,"Hoi An, Vietnam",4.4,Hoi An,250000,https://www.hlimg.com/images/things2do/738X538/67_1531136569t.jpg
Namaste,Restaurant,"441 Cua Dai Street",4.2,Hoi An,220000,http://vietnamtour.com.vn/media/2020/4/10/wv5izyyy/namaste-hanoi.jpg?width=1200&height=630&mode=crop
Lapin Ca Phe,Restaurant,"67 Tran Cao Van Street",4.5,Hoi An,55000,https://media-cdn.tripadvisor.com/media/photo-s/0a/bc/84/f7/the-name-of-the-restaurant.jpg
Cabanon Cafe,Restaurant,"Cong Nu Ngoc Hoa Street",4.3,Hoi An,150000,https://dynamic-media-cdn.tripadvisor.com/media/photo-o/13/bb/1b/0c/view-from-the-floor.jpg?w=1000&h=600&s=1
Green Heaven,Restaurant,"25 La Hoi Street",4.1,Hoi An,180000,https://media.mia.vn/uploads/blog-du-lich/Green-Heaven-Restaurant-Hoi-An-Nha-hang-so-huu-tam-nhin-tuyet-dep-nhin-ra-quang-truong-song-Hoai-01-1618931652.jpg
Orivy,Restaurant,"576/1 Cua Dai Street",4.4,Hoi An,290000,https://garden.orivy.com/orivy-garden.jpg
Dau Bep Banh Mi,Restaurant,"10/14 Bach Dang Street",4.7,Hoi An,45000,https://c8.alamy.com/comp/2XGKRXA/hoi-an-vietnam-july-7-2024-banh-mi-restaurant-in-hoi-an-it-is-small-baguette-that-is-one-of-submarine-sandwich-with-french-and-vietnamese-mix-cuisi-2XGKRXA.jpg
Havana,Restaurant,"476 Cua Dai Street",4.0,Hoi An,200000,https://media-cdn.tripadvisor.com/media/photo-s/0e/77/6b/17/we-re-easy-to-spot.jpg
The Hill Station,Restaurant,"321 Nguyen Duy Hieu Street",4.5,Hoi An,350000,https://www.theyumlist.net/wp-content/uploads/2025/01/The-Hill-Station-Hoi-An-0.jpeg
Red Dragon Restaurant,Restaurant,"332 Cua Dai Street",4.2,Hoi An,260000,https://mia.vn/media/uploads/blog-du-lich/Red_Dragon_Restaurant_Hoi_An_Thuong_thuc_huong_vi_Viet_theo_phong_cach_phuong_Tay_sang_trong_1-1618934535.jpg
Vy's Deli,Restaurant,"41 Nguyen Phuc Chu Street",4.4,Hoi An,240000,https://tastevietnam.asia/images/kitchen_deli/dsc_2758.jpg
Vy's Market Restaurant & Cooking School,Restaurant,"3 Nguyen Hoang Street",4.6,Hoi An,500000,https://www.tastevietnam.asia/sites/default/files/vys-market-front.jpg
Cafe Sputnik,Restaurant,"37 Nguyen Phuc Tan Street",4.0,Hoi An,80000,https://thetravelbook.world/wp-content/uploads/2018/12/cafe-sputnik.jpg
Nostalife,Restaurant,"33/1 Nguyen Phuc Chu Street",4.1,Hoi An,190000,https://www.traveloffpath.com/wp-content/uploads/2019/02/nostalife-hoian-450x600.jpg
Firefly Restaurant & Bar,Restaurant,"174 Tran Nhan Tong Street",4.3,Hoi An,210000,https://madmonkeyhostels.com/wp-content/uploads/2023/07/Firefly-e1689298883554-600x423.jpeg
Nourish Eatery,Restaurant,"220a Nguyen Duy Hieu",4.6,Hoi An,180000,https://nourisheatery.com/wp-content/uploads/2022/01/141437889_745187432785851_3329429967674492104_n.jpeg
Hoa Hien,Restaurant,"35 Tran Quang Khai Street",4.2,Hoi An,230000,https://res.cloudinary.com/dqrovpwjz/image/upload/f_auto,c_fill,g_auto,w_1200,h_630,q_auto/images/places/hoi-an/hoa-hien-restaurant
Bikini Bottom Express An Bang,Restaurant,"Hai Ba Trung Street",4.3,Hoi An,200000,https://www.bikinibottomexpress.com/wp-content/uploads/2024/06/Bikini-Bottom-Express-Hoi-An.jpeg
Mango Rooms,Restaurant,"37 Phan Boi Chau Street",4.5,Hoi An,480000,https://static.wixstatic.com/media/f0d1fa_16bea7b0431e477293681f048e7c4359~mv2.jpg/v1/fill/w_980,h_653,al_c,q_85,usm_0.66_1.00_0.01,enc_auto/f0d1fa_16bea7b0431e477293681f048e7c4359~mv2.jpg
Mix,Restaurant,"70 Le Loi Street",4.4,Hoi An,320000,https://flightstofancy.com/wp-content/uploads/2017/05/Flights-To-Fancy_-Mix-Greek-Restaurant-Hoi-An-Exterior.png
Banh Xeo - Thit Nuong - Nem Lui Ba 9,Restaurant,"Alley 92 Phan Chau Trinh",4.5,Hoi An,90000,https://toplist.vn/images/800px/banh-xeo-thit-nuong-nem-lui-ba-9-1126175.jpg
Peanuts - Vegan Vietnamese Food,Restaurant,"122 Tran Nhan Tong Street",4.7,Hoi An,120000,https://img.restaurantguru.com/c423-Restaurant-Peanuts-Vegan-Vietnamese-Food-meals.jpg
Chickpea Eatery,Restaurant,"86/5 Phan Chau Trinh Street",4.6,Hoi An,150000,https://chickpeaeatery.com/wp-content/uploads/2021/09/IMG_2835-scaled.jpg
Faifoo Central Restaurant,Restaurant,"57 Hoang Dieu Street",4.2,Hoi An,250000,https://media-cdn.tripadvisor.com/media/photo-m/1280/2a/c1/ad/3c/with-spacious-space-overlookin.jpg
Met Hoi An,Restaurant,"49 Nguyen Thai Hoc Street",4.4,Hoi An,280000,https://metvietnameserestaurant.com/wp-content/uploads/2024/04/b369.jpg
Bikini Bottom Express Hoi An Riverside,Restaurant,"115 Tran Quang Khai Street",4.3,Hoi An,210000,https://www.bikinibottomexpress.com/wp-content/uploads/2024/06/Bikini-Bottom-Express-Hoi-An.jpeg
Vietnom Local Eatery Hoi An,Restaurant,"119 Tran Quang Khai Street",4.2,Hoi An,180000,https://c8.alamy.com/comp/2T0JTJT/hoi-an-vietnam-restaurant-specializing-in-vietnamese-cuisine-2T0JTJT.jpg
Missteak Hoi An,Restaurant,"117 Tran Quang Khai Street",4.1,Hoi An,260000,https://testcdn.vietnamairlines.com/~/media/SEO-images/2025+SEO/Traffic+TA/MN/best+restaurants+in+hoi+ancient+town/best-restaurants-in-hoi-an-ancient-town.jpg
Seafood Garden,Restaurant,"27",4.0,Hoi An,300000,https://img.restaurantguru.com/w550/h367/r204-HOI-AN-SEAFOOD-seafood-2024-05.jpg
Gourmet Garden,Restaurant,"Hoi An, Vietnam",4.2,Hoi An,280000,https://media-cdn.tripadvisor.com/media/photo-s/02/f6/30/e4/gourmet-garden-hoi-an.jpg
Old Garden,Restaurant,"76/26",4.0,Hoi An,220000,https://jackytravel.com/wp-content/uploads/2019/04/Hoi-An-lantern-resto-1-1140x530.jpg
Tea Garden,Restaurant,"111 Tran Hung Dao Street",4.3,Hoi An,150000,https://media-cdn.tripadvisor.com/media/photo-s/06/65/de/55/caption.jpg
Aira Garden,Restaurant,"Hoi An, Vietnam",4.5,Hoi An,380000,https://dynamic-media-cdn.tripadvisor.com/media/photo-o/15/82/a2/ba/restaurant-is-surrounded.jpg?w=1200&h=-1&s=1
Pine Garden,Restaurant,"Hoi An, Vietnam",4.1,Hoi An,240000,https://www.mumonthemove.com/wp-content/uploads/2015/09/Secret-Garden-Hoi-An.jpg
Serene Garden Restaurant,Restaurant,"Hoi An, Vietnam",4.2,Hoi An,270000,https://dynamic-media-cdn.tripadvisor.com/media/photo-o/2b/cf/c2/f4/serene-restaurant.jpg?w=1200&h=-1&s=1
Luxury Nha Trang Hotel,Hotel,"Nha Trang, Vietnam",3.0,Nha Trang,550000,https://www.uncovervietnam.com/wp-content/uploads/2019/07/Vinpearl-Discovery-1-Nha-Trang-Hotel-5-1-1.jpg
Vietgrand Hotel,Hotel,"Nha Trang, Vietnam",3.5,Nha Trang,600000,https://dynamic-media-cdn.tripadvisor.com/media/photo-o/0d/e3/7c/57/viet-grand-hotel.jpg?w=700&h=-1&s=1
Golden Rain Hotel,Hotel,"142 Hung Vuong",3.8,Nha Trang,750000,https://pix10.agoda.net/hotelImages/186/186614/186614_15061517560029569666.jpg?ca=4&ce=1&s=1024x768
Intercontinental Nha Trang,Hotel,"32-34 Tran Phu Street",5.0,Nha Trang,4200000,https://pix10.agoda.net/hotelImages/564/564356/564356_14050716140019334029.jpg?s=1024x768
Golden Summer Hotel,Hotel,"Nha Trang, Vietnam",3.6,Nha Trang,650000,https://leadtour.com.vn/wp-content/uploads/2024/12/golden-summer-hotel-nha-trang.jpg
Golden Rain Hotel,Hotel,"Hung Vuong Street",3.7,Nha Trang,700000,https://pix10.agoda.net/hotelImages/186/186614/186614_15061517560029569666.jpg?ca=4&ce=1&s=1024x768
Golden Hotel,Hotel,"2K",3.5,Nha Trang,620000,https://i.travelapi.com/lodging/6000000/5880000/5872100/5872061/edbbc925_z.jpg
Golden Sea Hotel,Hotel,"Nha Trang, Vietnam",3.6,Nha Trang,680000,https://cf.bstatic.com/xdata/images/hotel/max1024x768/207896236.jpg?k=050c2b23523bde0fa7e4bd6140328ab09979379e78d0e173fef0b6e07efa291b&o=&hp=1
Novotel Hotel,Hotel,"Nha Trang, Vietnam",4.5,Nha Trang,2800000,https://originvietnam.com/uploads/VietNam/Nha-Trang/Novotel/Novotel-Nha-Trang.jpg
Hyatt Regency,Hotel,"Nha Trang, Vietnam",4.8,Nha Trang,3500000,https://globalexpatrecruiting.com/wp-content/uploads/2018/08/Hyatt-expands-presence-in-Vietnam-with-Hyatt-Regency-Nha-Trang-2.jpg
Vinpearl Beachfront,Hotel,"Nha Trang, Vietnam",4.7,Nha Trang,3200000,https://dynamic-media-cdn.tripadvisor.com/media/photo-o/15/0f/b6/4a/vinpearl-condotel-beachfront.jpg?w=1200&h=-1&s=1
Ibis Style Hotel,Hotel,"Hung Vuong Street",4.0,Nha Trang,1200000,https://cf.bstatic.com/xdata/images/hotel/max1024x768/113811975.jpg?k=bd0ee4ab32c642a4dd92055342e306a277015bebff65f1e5881e7cb4bf307ec8&o=&hp=1
I-Resort,Resort,"Nha Trang, Vietnam",4.4,Nha Trang,2200000,https://www.uncovervietnam.com/wp-content/uploads/2022/11/Hot-Mineral-Spring-I-Resort-Nha-Trang.jpeg
Cham Oasis Nha Trang Resort,Resort,"Nha Trang, Vietnam",4.5,Nha Trang,2500000,https://vietnamresorts.com/media/uploads/2022/02/24/cham-oasis-nha-trang-resort-condotel.jpeg
The Summer Hotel,Hotel,"34 C-D",3.0,Nha Trang,580000,https://ak-d.tripcdn.com/images/1mc5l12000favm112BF13_R_960_660_R5_D.jpg
Prime Hotel,Hotel,"22 Ton Dan Street",3.0,Nha Trang,550000,https://media-cdn.tripadvisor.com/media/photo-s/07/87/65/60/prime-hotel.jpg
Sunny Hotel,Hotel,"96/2 Tran Phu Street",3.0,Nha Trang,500000,https://dynamic-media-cdn.tripadvisor.com/media/photo-o/09/9b/7e/2c/sunny-hotel.jpg?w=700&h=-1&s=1
Happy Light Hotel,Hotel,"1 Nguyen Thi Minh Khai Street",3.0,Nha Trang,520000,https://happylighthotel.com/wp-content/uploads/2023/07/Happy-Light-Central-Nha-Trang-pool-at-night.jpg
Ha Van Hotel Nha Trang,Hotel,"73/6 Tran Quang Khai Street",2.0,Nha Trang,350000,https://dynamic-media-cdn.tripadvisor.com/media/photo-o/0b/38/d4/ff/skylight-havana-nha-trang.jpg?w=700&h=-1&s=1
Oriole Hotel,Hotel,"Nha Trang, Vietnam",2.0,Nha Trang,300000,https://dynamic-media-cdn.tripadvisor.com/media/photo-o/15/33/fb/69/nha-trang.jpg?w=900&h=500&s=1
Yasaka Saigon Nhatrang,Hotel,"Nha Trang, Vietnam",4.0,Nha Trang,1100000,https://dynamic-media-cdn.tripadvisor.com/media/photo-o/19/70/bd/94/caption.jpg?w=1200&h=1200&s=1
Barcelona Hotel,Hotel,"34E",3.0,Nha Trang,600000,https://dynamic-media-cdn.tripadvisor.com/media/photo-o/15/af/0e/f8/barcelona-hotel.jpg?w=1400&h=800&s=1
Venue Hotel,Hotel,"24 Ton Dan Street",3.0,Nha Trang,620000,https://www.panteon.ru/upload/catalog/11191/360728848.jpg
Majestic Premium Hotel,Hotel,"Nha Trang, Vietnam",4.2,Nha Trang,1400000,https://vietnamresorts.com/media/uploads/2022/03/01/majestic-premium-hotel-1.jpeg
Green Peace Hotel,Hotel,"Nha Trang, Vietnam",2.0,Nha Trang,320000,https://leadtour.com.vn/wp-content/uploads/2025/03/green-peace-hotel-nha-trang.jpg
Kim Hoan Hong Hotel,Hotel,"146",2.0,Nha Trang,300000,https://statics.vinpearl.com/Hinh-anh-Vinpearl-Resort-&-Spa-Nha-Trang-Bay-5_1680081335.jpg?_ga=2.136966451.2059716496.1690880439-369035031.1690689211
Asia Paradise Hotel,Hotel,"06",3.9,Nha Trang,850000,https://www.golfasian.com/photos/userpics/10001/Asia+Paradise+Hotel+Nha+Trang+-+Overview.jpg
Nhi Phi Hotel,Hotel,"10",3.8,Nha Trang,800000,https://cf.bstatic.com/xdata/images/hotel/max1024x768/22969005.jpg?k=495afc48f7d450fee7accb78a895c5771629441dd0eb9f3367e85c8c2f790301&o=&hp=1
Saint Paul Hotel,Hotel,"6D Quan Tran, Hung Vuong",3.5,Nha Trang,680000,https://cdn1.nhatrangtoday.vn/images/photos/khach-san-saint-paul-nha-trang-2.jpg
Daisy Flower Hotel,Hotel,"Nha Trang, Vietnam",3.6,Nha Trang,700000,https://lbcdn.airpaz.com/hotelimages/5933961/daisy-flower-nha-trang-989002c2e54414fa0bc675b8c44f3a21.jpg
Sun City Hotel,Hotel,"4 Ton Dan",3.7,Nha Trang,720000,https://pix10.agoda.net/hotelImages/444/444892/444892_16112316570049022225.jpg?ca=6&ce=1&s=1024x768
Indochine Hotel,Hotel,"Nha Trang, Vietnam",2.0,Nha Trang,350000,https://www.holiday.by/files/hotels/thumbnails/hotels_gallery_fullsize/2574/20b88e3147b022325de796ff44203a7f71b8b001.jpeg
Vdb Nha Trang Hotel,Hotel,"50 Pham Van Dong Street, Khanh Hoa",4.0,Nha Trang,1000000,https://dynamic-media-cdn.tripadvisor.com/media/photo-o/05/22/aa/96/vdb-nha-trang-hotel.jpg?w=1200&h=-1&s=1
Dubai Nha Trang Hotel,Hotel,"20 Ton Dan Street",3.8,Nha Trang,820000,https://attractionsvietnam.com/hotels/dubai-nha-trang/__og_image__/og.png
Vu Quy 1 Hotel,Hotel,"Nha Trang, Vietnam",3.0,Nha Trang,500000,https://statics.vinpearl.com/Hinh-anh-Vinpearl-Resort-&-Spa-Nha-Trang-Bay-5_1680081335.jpg?_ga=2.136966451.2059716496.1690880439-369035031.1690689211
Phuong Nhung Hotel,Hotel,"Vo Tru Street",2.0,Nha Trang,280000,https://cdn1.nhatrangtoday.vn/images/photos/khach-san-phuong-nhung-nha-trang-top.jpg
Nha Trang Paradise Hotel,Hotel,"69/11 To Hien Thanh Street",3.9,Nha Trang,880000,https://lookaside.fbsbx.com/lookaside/crawler/media/?media_id=122133617522801489
Star City Hotel,Hotel,"72-74 Tran Phu Street",4.3,Nha Trang,1600000,https://image.kkday.com/v2/image/get/s1.kkday.com/product_132166/20220811150621_Gc80u/jpg
Maritime Hotel,Hotel,"34 Tran Phu Street",3.5,Nha Trang,650000,https://pix10.agoda.net/hotelImages/442/442369/442369_16100517000047442817.jpg?ca=6&ce=1&s=1024x768
Monaco Hotel,Hotel,"4 Ton Dan Street",3.6,Nha Trang,700000,https://leadtour.com.vn/wp-content/uploads/2024/10/khach-san-monaco-nha-trang.jpg
Navy Nha Trang Hotel,Hotel,"107 Nguyen Thien Thuat, Nha Trang",4.0,Nha Trang,1050000,https://cdn.worldota.net/t/640x400/extranet/cd/58/cd58cf8fbe72b4cd42fe0556e4206c8401f4133f.JPEG
Queen Ann Hotel Nha Trang,Hotel,"100 Tran Phu Street",4.4,Nha Trang,1800000,https://phulong.vn/wp-content/uploads/2020/02/queen-ann-nha-trang.jpg
Daphovina Hotel,Hotel,"32 Bac Son Street, Khanh Hoa",4.0,Nha Trang,1100000,https://cdn1.nhatrangtoday.vn/images/photos/khach-san-Daphovina-Hotel-Nha-Trang.jpg
Happy House Hotel,Hotel,"Nha Trang, Vietnam",3.5,Nha Trang,600000,https://media-cdn.tripadvisor.com/media/photo-s/04/56/46/4a/happy-house-hotel-2013.jpg
Van Long Hotel,Hotel,"Nha Trang, Vietnam",3.0,Nha Trang,550000,https://www.bmair.nl/wp-content/uploads/2024/12/hotels_nha_trang.webp
Saigon Hotel,Hotel,"Nha Trang, Vietnam",3.8,Nha Trang,780000,https://pix10.agoda.net/hotelImages/11007/-1/d0c682b82043468df34b912ae6d68553.jpg?s=1024x768
Cuong Long Hotel,Hotel,"Nha Trang, Vietnam",3.5,Nha Trang,620000,https://ctsassets1.check24.de/ttl=14/di=2/nfc=301/source=aHR0cDovL2Nkbi5zbXlyb29tcy5jb20vY2xvdWRjb250ZW50L2ZvdG9zL2FncmVnYWRvckhvdGVsZXJvLzAwMjEvMTcwMjIvMjExNzAyMi8xOS5qcGc=!19caf2/picture.jpg
Thang Long Nhatrang Hotel,Hotel,"Nha Trang, Vietnam",3.6,Nha Trang,680000,https://lookaside.fbsbx.com/lookaside/crawler/media/?media_id=840599815988140
Blue Ocean Hotel,Hotel,"Nha Trang, Vietnam",3.7,Nha Trang,750000,https://media-cdn.tripadvisor.com/media/photo-s/0e/9c/44/54/image-0-02-06-5b9e48c7a97633ac.jpg
Hoang Thanh Hotel,Hotel,"Nha Trang, Vietnam",3.5,Nha Trang,600000,https://www.bmair.nl/wp-content/uploads/2024/12/hotels_nha_trang.webp
Grill Garden,Restaurant,"21 Biet Thu Street",4.2,Nha Trang,320000,https://alltop.vn/backend/media/images/posts/2149/Grill_Garden_-_BBQ_Buffet_restaurant-130081.jpg
Grill Garden,Restaurant,"30B Nguyen Thien Thuat Street",4.2,Nha Trang,320000,https://dynamic-media-cdn.tripadvisor.com/media/photo-o/1b/e6/2a/9d/grill-garden-nha-trang.jpg?w=900&h=500&s=1
Shrimp Garden - Shrimp Buffet,Restaurant,"Nha Trang, Vietnam",4.3,Nha Trang,380000,https://lookaside.fbsbx.com/lookaside/crawler/media/?media_id=100081637891223
Shrimp Garden,Restaurant,"58 Tran Phu Street",4.3,Nha Trang,380000,https://lookaside.fbsbx.com/lookaside/crawler/media/?media_id=917904316465253
Grill House,Restaurant,"Nha Trang, Vietnam",4.1,Nha Trang,280000,https://lookaside.fbsbx.com/lookaside/crawler/media/?media_id=654434930032312
Local Garden,Restaurant,"Nha Trang, Vietnam",4.0,Nha Trang,220000,https://media-cdn.tripadvisor.com/media/photo-s/0c/dc/5f/13/nha-hang-champa-garden.jpg
Burgerbbq&grill,Restaurant,"79 Hung Vuong Street",4.1,Nha Trang,180000,https://static.riviu.vn/image/2020/07/15/612f5a7089c94d88999dd1469a0d4346.jpg
Garden,Restaurant,"25 Cu Chi Street",3.9,Nha Trang,150000,https://cdn.vietreader.com/uploads/posts/2021-05/travel_the-beautiful-garden-cafes-attracting-tourists-in-nha-trang-2.png
Mr.Ba Buffet Bbq Seafood,Restaurant,"Nha Trang, Vietnam",4.2,Nha Trang,350000,https://cdn.statically.io/img/danangprivatecar.com/wp-content/uploads/2023/07/A-wide-variety-of-dishes-at-the-Zallo-700x530.jpeg?quality=60&f=auto
Miss Bamboo Buffet,Restaurant,"Nha Trang, Vietnam",4.0,Nha Trang,290000,https://c8.alamy.com/comp/2T03WMB/miss-bamboo-cafe-coastal-city-of-nha-trang-september-22-2023-bamboo-and-rattan-interior-of-a-luxury-cafe-in-coastal-city-of-nha-trang-khanh-hoa-2T03WMB.jpg
I Like Buffet Restaurant,Restaurant,"Nha Trang, Vietnam",4.1,Nha Trang,310000,https://cdn.justfly.vn/2048x1365/media/202303/22/1679458040-i-like-buffet-restaurant-nha-trang-1.jpg
Amore Garden,Restaurant,"Nha Trang, Vietnam",4.2,Nha Trang,260000,https://thachcaodep.net/wp-content/uploads/2023/08/amore-gardens-ca-phe-to-tuong-nha-trang.jpg
Black Coffe Premium Roastery,Restaurant,"Nha Trang, Vietnam",4.4,Nha Trang,85000,https://en.tgroup.vn/uploads/images/quyen-do/Cuisine/14.jpg
Lanterns,Restaurant,"34/6 Nguyen Thien Thuat Street",4.5,Nha Trang,220000,https://images.squarespace-cdn.com/content/v1/56e03252ab48ded0e100ec12/1565781895544-H37E3J67GMWRE3MAOK8X/WhatsApp+Image+2019-08-10+at+18.58.33+%281%29.jpg
Yen's Restaurant,Restaurant,"73/6 Tran Quang Khai Street",4.3,Nha Trang,250000,https://statics.vincom.com.vn/xu-huong/nha-hang-nha-trang/yen's-restaurant.png
Galangal,Restaurant,"Nha Trang, Vietnam",4.4,Nha Trang,300000,https://media-cdn.tripadvisor.com/media/photo-s/0d/87/9b/66/caption.jpg
Livincollective,Restaurant,"77 Bach Dang Street",4.6,Nha Trang,280000,https://image.vietnam.travel/sites/default/files/styles/article_photo_large/public/2019-03/Best+restaurant+Nha+Trang-6.jpg?itok=LaqpdaX0
Mr Krab,Restaurant,"96B/5/11 Tran Phu Street",4.2,Nha Trang,450000,https://nhatrangapartments.com/storage/life-in-nha-trang/chuanchuankim/ot-hiem/z4189073126522-6f39300a4c1a092f4b89ec45062a6937.jpg
Rainforest,Restaurant,"146 Vo Tru Street",4.5,Nha Trang,90000,https://morethanfoodmag.com/wp-content/uploads/2018/02/rainforest-nha-trang-cafe-outside-683x1024.jpg
Bogosov Cactus Mexican Food,Restaurant,"5/O Hung Vuong Street",4.3,Nha Trang,240000,https://images.happycow.net/venues/1024/34/07/hcmp340748_2141116.jpeg
Yakitoriya Thaithai,Restaurant,"1/39 Tran Quang Khai Street",4.2,Nha Trang,260000,https://media-cdn.tripadvisor.com/media/photo-s/1b/26/f5/27/caption.jpg
La Bella Crepe,Restaurant,"6/2 Nguyen Thien Thuat Street",4.4,Nha Trang,120000,https://media-cdn.tripadvisor.com/media/photo-m/1280/1c/84/22/ce/2-nguy-n-thi-n-thu-t.jpg
Com Quynh Anh - Seafood Restaurant,Restaurant,"18 Tran Phu Street",4.0,Nha Trang,150000,https://statics.vinpearl.com/nha-trang-seafood-6_1696181999.jpg
Bun Mam Ne,Restaurant,"18 Hai Ba Trung Street",4.2,Nha Trang,55000,https://luhanhvietnam.com.vn/du-lich/vnt_upload/news/07_2024/1quan_bun_mam_nem_nha_trang_1cuongquocpham.jpg
Bakha Fastfood,Restaurant,"6 Tran Quang Khai Street",3.9,Nha Trang,80000,https://img.restaurantguru.com/c471-Restaurant-Nha-Trang-fast-food-dishes.jpg
Highlands Coffee,Restaurant,"Nha Trang, Vietnam",4.0,Nha Trang,60000,https://visitnhatrang.vn/wp-content/uploads/2024/08/chi-nhanh-ca-phe-highlands-coffee-nha-trang-768x511.jpg
Tt Pilates Nha Trang,Restaurant,"2 Nguyen Thi Minh Khai Street",4.5,Nha Trang,300000,https://mbspilates.vn/wp-content/uploads/2024/05/pilates-nha-trang-1.webp
Air Bbq & Seafood,Restaurant,"182 Hung Vuong Street",4.1,Nha Trang,380000,https://static.vinwonders.com/production/nha-trang-seafood-banner.jpg
Sinh To Thien Nhien,Restaurant,"Vinh Phuoc, Nha Trang, Khanh Hoa",4.0,Nha Trang,40000,https://static.riviu.co/image/2020/11/26/d561b3a0ff525a921352e00078d56d92_output.jpeg
Sakura Sushi Nha Trang Japanese Cuisine,Restaurant,"30 Ly Tu Trong Street",4.4,Nha Trang,350000,https://alltop.vn/backend/media/images/posts/2998/Sakura_Sushi_Nha_Trang_Japanese_cuisine-163276.jpg
Hanoi Corner,Restaurant,"Nha Trang, Vietnam",4.1,Nha Trang,180000,http://hanoicornerrestaurant.com/storage/photos/z5043506928491_e3f327ef5d8d82ce5e037797d3262e12.jpg
Starbucks Nha Trang Center,Restaurant,"20 Tran Phu Street",4.3,Nha Trang,95000,https://khanhhoa360.com/images/post/2024/10/starbucks_nha_trang/starbucks_nha_trang_center.webp
Pinsa De Roma,Restaurant,"53/7 Nguyen Thien Thuat Street",4.5,Nha Trang,280000,https://pinsaderoma.vn/storage/pagedata/101283/img/upload/background/bk-1.webp
M-Bar Sushi,Restaurant,"16 Ton Dan Street",4.3,Nha Trang,320000,https://statics.vinpearl.com/sushi-nha-trang-7_1686374936.jpg
Sanmarino,Restaurant,"203/5 Nguyen Thien Thuat Street",4.2,Nha Trang,250000,https://nhatrangapartments.com/storage/life-in-nha-trang/chuanchuankim/ot-hiem/z4189073126522-6f39300a4c1a092f4b89ec45062a6937.jpg
Nha Trang View,Restaurant,"Nha Trang, Vietnam",4.3,Nha Trang,220000,https://media.mia.vn/uploads/blog-du-lich/nha-trang-view-restaurant-nha-hang-duoc-danh-gia-cao-voi-chung-chi-phuc-vu-xuat-sac-2017-1623923143.jpg
Burger Bbq And Grill,Restaurant,"Nha Trang, Vietnam",4.1,Nha Trang,190000,https://static.riviu.vn/image/2020/07/15/612f5a7089c94d88999dd1469a0d4346.jpg
Da Lat Buffet Bbq,Restaurant,"Nha Trang, Vietnam",4.0,Nha Trang,299000,https://static.vinwonders.com/production/buffet-nha-trang-12.jpg
Phuc An Vegetarian Buffet,Restaurant,"Nha Trang, Vietnam",4.4,Nha Trang,150000,https://www.cotrang.org/public/images/tin_dang/6/180_171_nha-hang-buffet-chay-phuc-an-65-thich-quang-duc-nha-trang-bk-4.jpg
O.He Seafood Buffet Bbq Hotpot,Restaurant,"Nha Trang, Vietnam",4.2,Nha Trang,320000,https://c8.alamy.com/comp/2SCFM87/nha-trang-vietnam-august-03-2024-street-level-view-of-ohe-seafood-buffet-bbq-and-hotpot-in-nha-trang-vietnam-at-nighttime-2SCFM87.jpg
Bbq Un In,Restaurant,"Nha Trang, Vietnam",4.3,Nha Trang,280000,https://atypikvietnam.com/wp-content/uploads/2022/04/BBQ-Un-In.jpg
Dinner At Cim’s,Restaurant,"Nha Trang, Vietnam",4.5,Nha Trang,400000,https://lookaside.fbsbx.com/lookaside/crawler/media/?media_id=716482987145570
Ganesh,Restaurant,"Nha Trang, Vietnam",4.4,Nha Trang,260000,https://yallavietnam.vn/wp-content/uploads/2020/04/ganesh-indian-restaurant-in-nha-trang-halal-food-yallavietnam.jpeg
La Mancha,Restaurant,"Nha Trang, Vietnam",4.3,Nha Trang,350000,https://fr.luxtraveldmc.com/blog/wp-content/uploads/2018/09/la-mancha-sign-on-the.jpg
Da Fernando,Restaurant,"Nha Trang, Vietnam",4.5,Nha Trang,380000,https://vina.com/wp-content/uploads/2015/04/Da-Fernando-Restaurant.jpg
Ciao Vietnam,Restaurant,"Nha Trang, Vietnam",4.1,Nha Trang,200000,https://lookaside.fbsbx.com/lookaside/crawler/media/?media_id=110113932098014
Echo And Luca,Restaurant,"Nha Trang, Vietnam",4.4,Nha Trang,240000,https://a.cdn-hotels.com/gdcs/production82/d402/aacd028a-f3f6-4d15-87bc-cb8cf2a2812b.jpg
The Local 3,Restaurant,"Nha Trang, Vietnam",4.0,Nha Trang,180000,https://nhatrangapartments.com/storage/life-in-nha-trang/chuanchuankim/ot-hiem/z4189073126522-6f39300a4c1a092f4b89ec45062a6937.jpg
Oasis Restaurant,Restaurant,"3 Tran Quang Khai Street",4.2,Nha Trang,210000,https://res.klook.com/images/fl_lossy.progressive,q_65/c_fill,w_1000,h_750/w_61,x_11,y_11,g_south_west,l_Klook_water_br_trans_yhcmh3/activities/xrdjxpetzlwd99unxlio/TourKhámPháGreenOasis,TắmBùnởHònTằmtừNhaTrang.jpg
Muong Thanh Holiday Da Lat Hotel,Hotel,"42 Phan Boi Chau Street",4.0,Da Lat,1300000,https://dcontent.inviacdn.net/shared/img/web-1200x1024/2021/4/10/d127/28706533-muong-thanh-holiday-da-lat.jpg
Mercure Dalat Resort,Resort,"Da Lat, Vietnam",4.5,Da Lat,2800000,https://dynamic-media-cdn.tripadvisor.com/media/photo-o/23/ae/7a/ff/mercure-dalat-resort.jpg?w=1400&h=800&s=1
Hoang Anh Da Lat Resort,Resort,"3",5.0,Da Lat,3200000,https://cdn.dealtoday.vn/img/s630x420/f3e0ba8aadc14817a96edcfe87823d3e.jpg?sign=Sf3FkaFgr9UlWMNj3Mt4nw
Mercure Hotel,Hotel,"Da Lat, Vietnam",4.4,Da Lat,1900000,https://cf.bstatic.com/xdata/images/hotel/max1024x768/482933281.jpg?k=0895e2adf7a183921525c3e8391ca885e7aae6d291883f3126e071c77151f4b5&o=&hp=1
Sammy Hotel,Hotel,"1",4.0,Da Lat,1200000,https://q-xx.bstatic.com/xdata/images/hotel/max1024x768/92076495.jpg?k=0fbfe201e6cb180ca9b51ec81e8122ca19033cd0ceab1b3f60466df7fd9ec2bc&o=
Saigon-Dalat Hotel,Hotel,"2",4.0,Da Lat,1250000,https://saigondalathotel.com/wp-content/uploads/2019/06/SG-DL-bynight.jpg
Ngoc Lan Hotel,Hotel,"42",4.0,Da Lat,1150000,http://pix2.agoda.net/hotelimages/179080/-1/285d2ac39a2f3f8a8ef8d7df98cc07ee.jpg
Golf 3 Hotel,Hotel,"4",4.0,Da Lat,1100000,https://www.tnktravel.com/wp-content/uploads/2013/12/Golf-3-DLat-Hotel.jpg
Saphir Dalat Hotel Agoda,Hotel,"22-24 Phan Nhu Thach Street",4.0,Da Lat,1050000,https://2trip.vn/wp-content/uploads/2020/10/saphir-dalat-hotel-1.jpg
Empress Hotel,Hotel,"5",3.0,Da Lat,800000,https://imgcy.trivago.com/c_limit,d_dummy.jpeg,f_auto,h_600,q_auto,w_600/hotelier-images/47/3d/4d2ff332710e31f7355bb7c611e81ba26c6f44a2d118e712025d9ca3d27e.jpeg
Rum Vang Hotel,Hotel,"Da Lat, Vietnam",3.0,Da Lat,650000,https://dynamic-media-cdn.tripadvisor.com/media/photo-o/1a/f3/22/5b/rum-vang-ii-hotel.jpg?w=900&h=500&s=1
Banyan House Hotel,Hotel,"94 Ly Tu Trong Street",3.0,Da Lat,700000,https://dynamic-media-cdn.tripadvisor.com/media/photo-o/12/2a/26/fd/banyan-house.jpg?w=700&h=-1&s=1
S7 Cozy Boutique Hotel,Hotel,"52 Luong The Vinh Street",4.1,Da Lat,950000,https://media-cdn.tripadvisor.com/media/photo-s/12/f1/5b/c9/img-8888-largejpg.jpg
Nature Boutique Hotel,Hotel,"Da Lat, Vietnam",4.0,Da Lat,880000,https://dynamic-media-cdn.tripadvisor.com/media/photo-o/26/cc/d4/31/nature-boutique-hotel.jpg?w=700&h=-1&s=1
Trung Cang Hotel,Hotel,"4A",2.0,Da Lat,400000,https://dynamic-media-cdn.tripadvisor.com/media/photo-o/02/48/b2/53/trung-cang-hotel.jpg?w=700&h=-1&s=1
Thuy Tran Hotel,Hotel,"4F",2.0,Da Lat,380000,https://media-cdn.tripadvisor.com/media/daodao/photo-s/03/dc/68/3c/caption.jpg
Hang Khong Hotel,Hotel,"40",2.0,Da Lat,420000,https://www.hospitalitynet.org/picture/153061720.jpg
Hp Village Hotel,Hotel,"2B",2.0,Da Lat,350000,https://cf.bstatic.com/xdata/images/hotel/max1024x768/571045434.jpg?k=9e130ab7600b3a8824ddc7be7bfa1c7f6523ddd168de019528e8ed6a45cd7e3c&o=&hp=1
Minh Tam Hotel,Hotel,"20",2.0,Da Lat,360000,https://pix10.agoda.net/hotelImages/237/237312/237312_14032420130018835553.jpg?ca=2&ce=1&s=1024x768
Du Parc Hotel,Hotel,"Da Lat, Vietnam",4.3,Da Lat,1600000,https://atypikvietnam.com/wp-content/uploads/2021/06/Dalat-Hotel-du-Parc.jpg
Bich Chau Hotel,Hotel,"Da Lat, Vietnam",2.0,Da Lat,320000,https://media-cdn.tripadvisor.com/media/photo-s/12/ef/47/e5/bich-chau-hotel.jpg
Dreams Hotel,Hotel,"151 Phan Dinh Phung Street",3.8,Da Lat,600000,https://www.uncovervietnam.com/wp-content/uploads/2021/05/Dreams-Hotel.jpeg
Etape Dalat Hotel,Hotel,"7 Co Loa, Phong 2",3.9,Da Lat,750000,https://www.uncovervietnam.com/wp-content/uploads/2021/05/Dalat-Palace-Heritage-Hotel.jpeg
Thang Loi 1 Hotel,Hotel,"Da Lat, Vietnam",2.0,Da Lat,300000,https://i.pinimg.com/originals/4b/54/44/4b5444b71eadcc5e11600d8c70b2a2da.gif
Moc 1988 Hotel,Hotel,"46/9 Hung Vuong Street",4.2,Da Lat,900000,https://cf.bstatic.com/xdata/images/hotel/max1024x768/336528332.jpg?k=66fb9196007101f0332f82bf1474174b2ae0c9e0b265c8fc478b94feb2685565&o=&hp=1
Ladalat Hotel,Hotel,"106A Mai Anh Dao Street",4.6,Da Lat,2100000,https://media-cdn.tripadvisor.com/media/photo-s/12/50/89/1c/ladalat-hotel.jpg
Chuong Hotel,Hotel,"42/11 Ha Huy Tap Street",3.7,Da Lat,550000,https://homepage.momocdn.net/blogscontents/momo-upload-api-191119135356-637097684361036185.png
Le Hoang Villa,Hotel,"76 Yersin Street",4.0,Da Lat,1400000,https://i.ytimg.com/vi/JS_pDIvJj-k/maxresdefault.jpg
Dalat Stream Hotel,Hotel,"03 Yen Binh Alley",3.8,Da Lat,680000,https://dynamic-media-cdn.tripadvisor.com/media/photo-o/29/b8/0a/fc/hubsches-hotel-in-da.jpg?w=700&h=-1&s=1
An Phu Hotel,Hotel,"187 Hai Ba Trung Street",3.9,Da Lat,720000,https://cf.bstatic.com/xdata/images/hotel/max1024x768/210393941.jpg?k=18f88634fe39249e8ec7600cca8de81351c76a98749bc7eb8e21b37a1e7ad926&o=&hp=1
Nguyen Viet Xuan Villa,Hotel,"1",2.0,Da Lat,450000,https://cf.bstatic.com/xdata/images/hotel/max1024x768/217878235.jpg?k=602cde83520271f5967674f24a0adcaab23056f0851609866af297292c366210&o=&hp=1
New Century Dalat Hotel,Hotel,"14B Dong Da Street, Ward 3",3.5,Da Lat,500000,https://hoadalattravel.vn/wp-content/uploads/2025/02/new-century-dalat-hotel-1.webp
Khai Hoang Hotel,Hotel,"5A",1.0,Da Lat,250000,https://lookaside.fbsbx.com/lookaside/crawler/media/?media_id=821482113312432
Binh Yen Hotel,Hotel,"Da Lat, Vietnam",3.0,Da Lat,400000,https://media-cdn.tripadvisor.com/media/photo-s/09/50/b4/02/lovely-hotel.jpg
Cong Doan Travel Hotel,Hotel,"Da Lat, Vietnam",3.5,Da Lat,550000,https://du-lich-da-lat.com/wp-content/uploads/2019/08/khach-san-cong-doan-da-lat-768x512.jpg
Px Hotel,Hotel,"Da Lat, Vietnam",3.6,Da Lat,580000,https://c8.alamy.com/comp/PX5TM6/du-park-hotel-dalat-dates-from-the-french-colonial-time-dalat-vietnam-PX5TM6.jpg
Nhu Anh Hotel,Hotel,"33",3.8,Da Lat,620000,https://pix10.agoda.net/hotelImages/16333463/-1/80f2535326da4fdcdc0f75005bba3e7d.jpg?ce=0&s=1024x768
Golf 1 Hotel,Hotel,"Da Lat, Vietnam",3.7,Da Lat,650000,https://media-cdn.tripadvisor.com/media/daodao/photo-s/02/d2/07/27/caption.jpg
Thang Loi Hotel,Hotel,"Da Lat, Vietnam",3.0,Da Lat,420000,https://i.pinimg.com/originals/4b/54/44/4b5444b71eadcc5e11600d8c70b2a2da.gif
Tram Huong Hotel,Hotel,"Da Lat, Vietnam",3.5,Da Lat,520000,https://dynamic-media-cdn.tripadvisor.com/media/photo-o/07/77/3a/64/tram-huong-hotel.jpg?w=700&h=-1&s=1
Duong Sat Hotel,Hotel,"Da Lat, Vietnam",3.0,Da Lat,480000,https://www.vietnam.vn/wp-content/uploads/2024/06/1719144852_Ga-duong-sat-Da-Lat.jpg
Thao Lien Hotel,Hotel,"9A1",3.5,Da Lat,500000,https://lh5.googleusercontent.com/p/AF1QipMwOkRTzlRbeRqIPnqfxW9KdtaUs4JFuTE-Z3ri=w253-h189-k-no
Vietsopetro Hotel,Hotel,"Da Lat, Vietnam",4.0,Da Lat,1100000,https://dynamic-media-cdn.tripadvisor.com/media/photo-o/06/3f/fa/cf/vietsovpetro-hotel.jpg?w=1000&h=-1&s=1
Hai Son Hotel,Hotel,"Da Lat, Vietnam",3.6,Da Lat,600000,http://photos.wikimapia.org/p/00/00/36/44/51_big.jpg
A Dong Hotel,Hotel,"Da Lat, Vietnam",3.5,Da Lat,550000,https://cf.bstatic.com/xdata/images/hotel/max1024x768/600593170.jpg?k=a9ad29cfc7fa1db858c09e75c5cccc2effdbb43848ca66fa11eec9acc5c81f1a&o=&hp=1
La Sapinette Da Lat Hotel,Hotel,"Da Lat, Vietnam",4.2,Da Lat,1300000,https://bazantravel.com/cdn/medias/uploads/31/31078-la-sapinette-670x446.jpg
Moulin Rouge Hotel,Hotel,"Da Lat, Vietnam",3.8,Da Lat,780000,https://www.shutterstock.com/image-photo/da-lat-feb-02-moulin-260nw-720986377.jpg
La Vy Hotel,Hotel,"Da Lat, Vietnam",3.7,Da Lat,650000,https://cf.bstatic.com/xdata/images/hotel/max1024x768/372801527.jpg?k=8e4eb3c130d98146d40abb00f449f04699ba517ee62e99c01272fa064a019af4&o=&hp=1
Hang Nga Villa,Hotel,"Da Lat, Vietnam",4.5,Da Lat,1800000,http://media.dulich24.com.vn/diemden/biet-thu-hang-nga-ngoi-nha-quai-di-6693/65c961cf-cb64-4f9a-9863-bcb301b7dc18.jpg
Villa Hotel 28,Hotel,"28",3.8,Da Lat,700000,https://pix10.agoda.net/hotelImages/712/7126427/7126427_20012209410087373540.jpg?ca=10&ce=1&s=1024x768
An Chay Buffet,Restaurant,"Da Lat, Vietnam",4.3,Da Lat,80000,https://inhat.vn/wp-content/uploads/2022/05/buffet-chay-da-lat-8.jpg
Cochin Garden,Restaurant,"Cao Ba Quat Street",4.2,Da Lat,150000,https://lookaside.fbsbx.com/lookaside/crawler/media/?media_id=122166994220328930
Emai Italian Restaurant,Restaurant,"1 Thi Sach Street",4.6,Da Lat,350000,https://images.squarespace-cdn.com/content/v1/625fd834277f1b741d393666/77c4ae96-91d9-49ad-94c2-9e37490a0067/resto.jpg
The Choco,Restaurant,"Quang Trung Street",4.4,Da Lat,90000,https://media-cdn.tripadvisor.com/media/photo-s/1b/4b/48/35/getlstd-property-photo.jpg
Gemination Eatery & Bar Da Lat,Restaurant,"24 Truong Cong Dinh Street",4.5,Da Lat,180000,https://dynamic-media-cdn.tripadvisor.com/media/photo-o/2b/ab/eb/a5/caption.jpg?w=1400&h=1400&s=1
Doi Ngay Hoa No,Restaurant,"Mimosa",4.2,Da Lat,120000,https://atypikvietnam.com/wp-content/uploads/2021/06/dalat.jpg
German House,Restaurant,"223/4 Mai Anh Dao Street",4.3,Da Lat,250000,https://lookaside.fbsbx.com/lookaside/crawler/media/?media_id=100047722819586
Phi Hieu,Restaurant,"103 Nguyen Van Troi Street",4.0,Da Lat,100000,https://media-cdn.tripadvisor.com/media/photo-p/12/4d/f5/4c/photo0jpg.jpg
Lam An Quang Vi,Restaurant,"44 Nguyen Luong Bang Street",4.1,Da Lat,80000,https://media-cdn.tripadvisor.com/media/photo-m/1280/28/ce/88/41/at-lam-an-quang-vi.jpg
Moto Laurie,Restaurant,"8 Ngo Thi Si Street",4.0,Da Lat,110000,https://images.happycow.net/venues/1024/28/66/hcmp286688_1839620.jpeg
Da Lat Buffet Bbq,Restaurant,"Da Lat, Vietnam",4.1,Da Lat,250000,https://media-cdn.tripadvisor.com/media/photo-s/27/86/57/0d/ghi-n-bbq-buffet-da-l.jpg
Green Bean Vegetable Buffet,Restaurant,"225 Nguyen Tu Luc Street",4.3,Da Lat,180000,https://www.cotrang.org/public/images/tin_dang/6/281_green-bean-buffet-da-lat-bk-11.jpg
Trong Drong,Restaurant,"220 Phan Dinh Phung Street",4.2,Da Lat,200000,https://tamtrinhcoffee.com/wp-content/uploads/2023/10/top-best-retaurant-in-DALAT-7.jpg
Goc Ha,Restaurant,"53 Truong Cong Dinh Street",4.0,Da Lat,60000,https://vietnamtour.in/wp-content/uploads/Goc-Ha-Thanh-Restaurant.jpg
Pizza Like,Restaurant,"Da Lat, Vietnam",3.9,Da Lat,150000,https://www.expatolife.com/wp-content/uploads/2020/08/grilled-Dalat-pizza.jpg
Pho Nuong Ngon,Restaurant,"Anh Sang",4.1,Da Lat,50000,https://img.restaurantguru.com/w550/h367/re42-Pho-nuong-interior.jpg
Artist Alley,Restaurant,"Da Lat, Vietnam",4.4,Da Lat,220000,https://vietnamupr.com/wp-content/uploads/2023/02/Artist-alley-Restaurant-1.jpg
Ngoi Nha Banh Xe,Restaurant,"51 Truong Cong Dinh Street",4.2,Da Lat,180000,https://img.restaurantguru.com/c163-Restaurant-Banh-Xeo-Co-Binh-photo.jpg
Ganesh,Restaurant,"Da Lat, Vietnam",4.5,Da Lat,280000,https://media-cdn.tripadvisor.com/media/photo-s/2c/33/1e/86/caption.jpg
Xua Nay,Restaurant,"Da Lat, Vietnam",4.0,Da Lat,150000,https://dynamic-media-cdn.tripadvisor.com/media/photo-o/06/e1/d1/52/da-lat-xua-restaurant.jpg?w=1200&h=-1&s=1
Hung Van Nem Nuong,Restaurant,"150 Bui Thi Xuan Street",4.3,Da Lat,60000,https://ongvove.com/uploads/0000/17/2024/09/30/vi-ngon-khong-the-choi-tu-cua-nem-nuong-hung-van-da-lat.jpg
Green Cafe,Restaurant,"Da Lat, Vietnam",4.1,Da Lat,75000,https://cdn.vietreader.com/uploads/posts/2021-09/4-hidden-cafes-in-the-forest-of-dalat-2.jpg
Hoa Sen,Restaurant,"Da Lat, Vietnam",4.4,Da Lat,120000,https://media.christinas.vn/uploads/2018/12/hoa-sen-min.jpg
Nhu Ngoc Clay Pot Rice,Restaurant,"6 Nguyen Thi Minh Khai Street",4.2,Da Lat,150000,https://agotourist.com/wp-content/uploads/2018/10/mon-an-com-nieu-nhu-ngoc-da-lat.jpg
Am Thuc Co Nam,Restaurant,"Le Dai Hanh Street",4.0,Da Lat,90000,https://connemaramusselfestival.com/wp-content/uploads/2023/04/am-thuc-da-lat-4.jpeg
Khoi Bbq,Restaurant,"115 Bui Thi Xuan Street",4.1,Da Lat,220000,https://www.tgroup.vn/uploads/images/Dalat/khoi_bbq_tgroup_travel_3.jpg
Din Ky,Restaurant,"Da Lat, Vietnam",3.8,Da Lat,180000,https://dinkyrestaurant.com/images/file/Enl5Ns-U3AgBAIZ5/06-hai-nam-chicken-rice-din-ky-restaurant.jpg
Thanh Phat,Restaurant,"Da Lat, Vietnam",3.7,Da Lat,160000,https://www.vietnamlocalguide.com/uploads/thanh-phat-1.jpg
Cu Duc Service,Restaurant,"Da Lat, Vietnam",4.2,Da Lat,240000,https://dalatcamping.net/wp-content/uploads/2022/10/quan-nuong-cu-duc-da-lat.jpeg
Soc Nau,Restaurant,"10 Ha Huy Tap Street",4.0,Da Lat,110000,https://lookaside.fbsbx.com/lookaside/crawler/media/?media_id=476882924447416
Tam 09,Restaurant,"Da Lat, Vietnam",3.9,Da Lat,80000,https://tamtrinhcoffee.com/wp-content/uploads/2025/02/vegetarian-buffet-restaurants-6.jpg
Thuy Kha 6,Restaurant,"Da Lat, Vietnam",3.8,Da Lat,70000,https://khatrancarrental.com/wp-content/uploads/2019/12/best-restaurants-in-dalat-5.jpg
Pho Tuyen,Restaurant,"429/4 Phan Dinh Phung Street",4.1,Da Lat,55000,https://www.dalattrip.com/media/2019/03/Pho-Tuyen-Dalat.jpg
Au Lac 2 Vegetarian Restaurant,Restaurant,"Da Lat, Vietnam",4.3,Da Lat,40000,https://media-cdn.tripadvisor.com/media/photo-s/02/d9/75/f5/com-chay-au-lac-2.jpg
Brew And Breakfast,Restaurant,"2 Tran Hung Dao Street",4.6,Da Lat,150000,https://www.asianpaths.com/wp-content/uploads/2020/07/overview-brew-breakfast-restaurant-hostel.jpg
Biang Bistro,Restaurant,"94A Ly Tu Trong Street",4.5,Da Lat,280000,https://images.happycow.net/venues/1024/11/29/hcmp112929_524155.jpeg
Ah Mei,Restaurant,"404 Phan Dinh Phung",4.2,Da Lat,190000,https://pacificplace.b-cdn.net/directory/XuHXa/ah+mei+(1).png
Bich 33,Restaurant,"224 Hai Ba Trung Street",4.1,Da Lat,210000,https://lookaside.fbsbx.com/lookaside/crawler/media/?media_id=100075880390116
Phap Hoa Vegetarian Restaurant,Restaurant,"22 Thong Thien Hoc Street",4.3,Da Lat,35000,https://tamtrinhcoffee.com/wp-content/uploads/2024/07/quan-chay-da-lat-ngon-3.jpg
Quan Chay,Restaurant,"Da Lat, Vietnam",4.0,Da Lat,30000,https://fun88.travel/wp-content/uploads/2024/01/quan-chay-ngon-da-lat-Guru-Chay-Restaurant-Coffee.jpg
Anh Dao,Restaurant,"Da Lat, Vietnam",4.1,Da Lat,85000,https://img.restaurantguru.com/c2ec-Restaurant-Nha-Hang-Anh-Dao-exterior.jpg
Carrot Restaurant,Restaurant,"36 Ba Trieu Street",4.2,Da Lat,120000,https://media-cdn.tripadvisor.com/media/photo-m/1280/14/fb/dc/fa/interior-inside-the-restaurant.jpg
Trang Cookery,Restaurant,"Da Lat, Vietnam",4.4,Da Lat,200000,https://dynamic-media-cdn.tripadvisor.com/media/photo-o/2b/2e/2e/31/trang-s-cookery.jpg?w=900&h=500&s=1
Pizza Chorio,Restaurant,"Da Lat, Vietnam",4.0,Da Lat,160000,https://dynamic-media-cdn.tripadvisor.com/media/photo-o/12/b3/b0/a1/chorio-special.jpg?w=900&h=500&s=1
Taiyo Sushi Da Lat,Restaurant,"92 An Duong Vuong Street",4.3,Da Lat,250000,https://img.restaurantguru.com/c397-Restaurant-TOKYO-SUSHI-DA-LAT-sushi.jpg
Hong Meatball Bread,Restaurant,"72 Yersin Street",4.5,Da Lat,40000,https://static.vinwonders.com/production/banh-mi-xiu-mai-da-lat-thumb.jpg
198 Nguyen Cong Tru Bbq & Beer Barn House,Restaurant,"Da Lat, Vietnam",4.2,Da Lat,300000,https://static.riviu.vn/image/2020/07/15/e7d6df16381d40dd8010e6ede002d1d4.jpg
Vegan Heaven,Restaurant,"Da Lat, Vietnam",4.4,Da Lat,90000,https://images.happycow.net/venues/1024/18/72/hcmp18728_2410274.jpeg
Co Phat,Restaurant,"Da Lat, Vietnam",4.0,Da Lat,70000,https://img.restaurantguru.com/c0ff-Pho-Hue-meat.jpg
Culture Bean,Restaurant,"Da Lat, Vietnam",4.3,Da Lat,80000,https://dynamic-media-cdn.tripadvisor.com/media/photo-o/1b/73/e6/47/brewing-bar.jpg?w=1200&h=-1&s=1
Name,Type,Address,Ratings,Location,Price,Image
Golden Topaz Resort,Resort,"Hamlet 7, Dinh Ba Street",4.1,Phu Quoc,1200000,https://dynamic-media-cdn.tripadvisor.com/media/photo-o/1a/98/77/a0/20200113-123624-largejpg.jpg?w=700&h=-1&s=1
Mercury Phu Quoc Resort & Villas,Resort,"Phu Quoc, Vietnam",4.0,Phu Quoc,2800000,https://tripday.vn/wp-content/uploads/2022/07/Mercury-Phu-Quoc-Resort-Villa.jpg
Lan Anh Garden Resort,Resort,"Phu Quoc, Vietnam",2.0,Phu Quoc,650000,https://dynamic-media-cdn.tripadvisor.com/media/photo-o/19/ee/d2/b8/lan-anh-garden-resort.jpg?w=700&h=-1&s=1
Oyo 366 Amelia Hotel,Hotel,"88/1 Tran Hung Dao Street",3.5,Phu Quoc,450000,https://www.vietnambooking.com/wp-content/uploads/2020/01/oyo-366-amelia-hotel-phu-quoc.jpg
Quynh Mai Resort,Resort,"Phu Quoc, Vietnam",3.0,Phu Quoc,850000,https://poshuk.xo.ua/assets/57f2bd43-1b47-4180-bd54-2b83e7e5ee8b
Arcadia Resort,Resort,"Tran Hung Dao, Phu Quoc",3.0,Phu Quoc,1100000,https://pix10.agoda.net/hotelImages/296330/-1/8eedbe5f1d24207eb1fc6ab73192f347.jpg?ca=7&ce=1&s=1024x768
Chen Sea Resort,Resort,"Phu Quoc, Vietnam",4.6,Phu Quoc,4200000,https://res.cloudinary.com/tourasia/image/upload/w_1920/w_1920,h_768,c_crop,y_537/f_auto,q_auto:good,ar_2.5,c_crop/w_1920/location-overview-112517.jpg
Tropicana Resort,Resort,"Phu Quoc, Vietnam",4.2,Phu Quoc,2100000,https://ak-d.tripcdn.com/images/220v0u000000jkvsb74C0_R_600_400_R5_D.jpg
Blue Sea Resort,Resort,"Phu Quoc, Vietnam",3.8,Phu Quoc,1500000,https://d2e5ushqwiltxm.cloudfront.net/wp-content/uploads/sites/145/2023/11/30021453/387801744_720420680127330_4802241628552553336_n-1.jpg
Coco Palm Resort,Resort,"Phu Quoc, Vietnam",4.0,Phu Quoc,1800000,https://coco-palm-beach-resort-spa.bookinghotelsphuquoc.com/data/Pics/OriginalPhoto/9110/911032/911032327/coco-palm-beach-resort-phu-quoc-pic-47.JPEG
Mango Bay Resort,Resort,"Phu Quoc, Vietnam",4.5,Phu Quoc,3500000,https://cf.bstatic.com/xdata/images/hotel/max1024x768/58992073.jpg?k=5084092cd17358fc91d839349521c30afd91426d547319dfd87fe42bcebe5ce0&o=&hp=1
Lien Hiep Thanh Resort,Resort,"118/12 Tran Hung Dao Street - 7 Ward Duong Dong",3.9,Phu Quoc,1300000,https://ik.imagekit.io/tvlk/apr-asset/pjDk7CQNkT00MY28EBayUnUBbkg0qawvnyGH8FVJKOs=/imageresource.aspx?img=FbrGPTrju5e5v0qrAGTD8pPBsj8/wYA5lPqBj/Ape09uy1OjbQd1rr0h8trq0X1NTijuKAljT7qiPD0gZiZc1lFy71eU10yS8gfCOeTVJSM=&tr=q-80,c-at_max,w-1280,h-720&_src=imagekit
Thien Hai Son Resort,Resort,"Phu Quoc, Vietnam",3.7,Phu Quoc,1600000,https://www.e-ck.cz/fotografie/velke/hotel-thien-hai-son-resort-ostrov-phu-quoc-vietnam-asie-4662787.jpg
Thien Thanh Phu Quoc Resort,Resort,"Phu Quoc, Vietnam",4.1,Phu Quoc,2200000,https://cf.bstatic.com/xdata/images/hotel/max1024x768/414959663.jpg?k=9295e7222c7b2194a85629c757d0236cf532f40c524f34d88b6509e115bab410&o=&hp=1
Le Veranda Resort,Resort,"Phu Quoc, Vietnam",4.8,Phu Quoc,4800000,https://www.benns.dk/media/25626/la-veranda-12-resort-overview-copy.jpg
Hiep Thanh Resort,Resort,"Phu Quoc, Vietnam",3.6,Phu Quoc,1400000,https://cf.bstatic.com/xdata/images/hotel/max1024x768/126283089.jpg?k=9e80083a63e212621c4db3faac657c9463ecd68741178d34b88d811735858b6a&o=&hp=1
Cuu Long Resort,Resort,"Phu Quoc, Vietnam",3.5,Phu Quoc,1200000,https://ak-d.tripcdn.com/images/0220l12000boznj2jE638_R_960_660_R5_D.jpg
Eden Resort,Resort,"Phu Quoc, Vietnam",4.3,Phu Quoc,2500000,https://pix10.agoda.net/hotelImages/186/186566/186566_16093015300047180296.jpg?s=1024x768
Coi Nguon Resort,Resort,"149 Tran Hung Dao Street, Phu Quoc",3.9,Phu Quoc,1100000,https://pix10.agoda.net/hotelImages/291/291784/291784_15012715070024864680.jpg?ca=3&ce=1&s=1024x768
Sunset Hill Resort,Resort,"Phu Quoc, Vietnam",4.0,Phu Quoc,1350000,https://dynamic-media-cdn.tripadvisor.com/media/photo-o/0a/58/cd/79/photo0jpg.jpg?w=700&h=-1&s=1
Paradise Resort,Resort,"143 Tran Hung Dao Street",3.8,Phu Quoc,1250000,https://www.dongtravel.com/files/blog/9/novotel-phu-quoc-resort.jpg
Coral Bay Resort,Resort,"Phu Quoc, Vietnam",4.1,Phu Quoc,1700000,https://coral-bay-resort.bookinghotelsphuquoc.com/data/Pics/OriginalPhoto/15895/1589511/1589511827/coral-bay-resort-phu-quoc-pic-55.JPEG
Daisy Resort,Resort,"Phu Quoc, Vietnam",4.2,Phu Quoc,1900000,https://pix10.agoda.net/hotelImages/6539839/0/3ef6752269e67e2c22ddf800d0e98183.jpg?s=1024x768
Hanh Ngoc Resort - Hanh Ngoc Bungalow,Resort,"155 Tran Hung Dao Street, Phu Quoc",3.7,Phu Quoc,950000,https://halotravel.vn/wp-content/uploads/2020/10/hanh-ngoc-bungalow-phu-quoc-5.jpg
Long Beach Resort,Resort,"Tran Hung Dao Street",4.4,Phu Quoc,2600000,https://pix10.agoda.net/hotelImages/81751/-1/82f907e575d9d8f685b84963c38ae130.jpg?ca=7&ce=1&s=1024x768
La Casa Resort,Resort,"Phu Quoc, Vietnam",4.0,Phu Quoc,1800000,https://dynamic-media-cdn.tripadvisor.com/media/photo-o/16/4e/af/3e/la-casa-resort.jpg?w=700&h=-1&s=1
Vela Phu Quoc Resort,Resort,"Phu Quoc, Vietnam",3.9,Phu Quoc,1600000,http://reviewvilla.vn/wp-content/uploads/2022/02/vela-phu-quoc-resort-5.jpg
Orange Resort,Resort,"Phu Quoc, Vietnam",3.6,Phu Quoc,1400000,https://orange-resort.bookinghotelsphuquoc.com/data/Pics/OriginalPhoto/16247/1624778/1624778184/orange-resort-phu-quoc-pic-12.JPEG
Sea Sense Resort,Resort,"1",4.5,Phu Quoc,3200000,https://dynamic-media-cdn.tripadvisor.com/media/photo-o/28/c9/c3/97/sea-sense-resort.jpg?w=700&h=-1&s=1
Phu Quoc Valley Resort,Resort,"Phu Quoc, Vietnam",4.1,Phu Quoc,1500000,http://pix4.agoda.net/hotelimages/1179085/-1/25e112841ec439dd239b2d490c944ec5.jpg
Terrace Resort,Resort,"Phu Quoc, Vietnam",3.8,Phu Quoc,1300000,https://q-xx.bstatic.com/xdata/images/hotel/840x460/347364650.jpg?k=556d165884471d3754076fbf8032fd0ba9386743b943f09f646b5f57768056f9&o=
Sea Sense Resort Reception,Resort,"Phu Quoc, Vietnam",4.4,Phu Quoc,3200000,https://pix10.agoda.net/hotelImages/547680/-1/22a2c1fb5603d4c6a2e0c426ced89f87.jpg?ce=0&s=1024x768
Lam Ha Resort,Resort,"Phu Quoc, Vietnam",3.5,Phu Quoc,900000,https://pix10.agoda.net/hotelImages/302/302979/302979_15120815130038344105.jpg?s=1024x768
Axura Resort,Resort,"101/5 Tran Hung Dao Street",3.6,Phu Quoc,1100000,https://q-xx.bstatic.com/xdata/images/hotel/max1024x768/156818895.jpg?k=05b739b2ec7679ae0b2e7c5585abe2f5f3a4ffeb9049fa725bf41666a38c1f3f&o=
Santa Garden Resort,Resort,"Phu Quoc, Vietnam",4.0,Phu Quoc,1400000,https://cf.bstatic.com/xdata/images/hotel/max1024x768/605952866.jpg?k=94cdb00358b47d02cc08b2abd27ed08dc7aafe73dde6007da53a461a3fbec17e&o=&hp=1
Star Hill Village Resort,Resort,"Phu Quoc, Vietnam",3.9,Phu Quoc,1250000,https://attractionsvietnam.com/resorts/starhill-resort/__og_image__/og.png
Paris Beach Resort,Resort,"Phu Quoc, Vietnam",3.7,Phu Quoc,1300000,https://pix10.agoda.net/hotelImages/2963098/0/d45fb752589fa8a2cbbf23418d3fc36f.jpeg?s=1024x768
Phoung Binh House,Hotel,"Alley 118, Alley 118, Tran Hung Dao Street",3.0,Phu Quoc,550000,https://q-xx.bstatic.com/xdata/images/hotel/max1024x768/485583859.jpg?k=728dd8d764b53611fafefffb9765d0030a52ed7dd54a18bf3281015526226f17&o=
Salinda Premium Hotel,Hotel,"Phu Quoc, Vietnam",4.9,Phu Quoc,5500000,http://salindaresort.com/uploads/banners/5/banner-3.jpg
Phu Quoc Kim Bungalows,Hotel,"Phu Quoc, Vietnam",3.8,Phu Quoc,800000,https://q-xx.bstatic.com/xdata/images/hotel/max1024x768/47175855.jpg?k=9872ed094554acf6be246ba1bdb1c0741780dfdbfb61a992412ddc696a5eb670&o=
Alanis Phu Quoc Hotel,Hotel,"96 Nguyen Trung Truc Street",3.6,Phu Quoc,750000,https://ezcloud.vn/wp-content/uploads/2023/08/khach-san-o-phu-quoc-scaled.webp
An Nhien Retreat,Hotel,"Tran Hung Dao Street, Duong To",4.1,Phu Quoc,1200000,https://dynamic-media-cdn.tripadvisor.com/media/photo-o/1b/60/49/c6/an-nhien-retreat.jpg?w=1200&h=-1&s=1
Stellar Hotel,Hotel,"Phu Quoc, Vietnam",3.9,Phu Quoc,950000,https://media-cdn.tripadvisor.com/media/photo-s/1a/f8/27/63/stellar-hotel.jpg
Bon Bon Bungalow Phu Quoc,Hotel,"Alley 118 Tran Hung Dao Street, Duong Dong",3.7,Phu Quoc,650000,https://ik.imagekit.io/tvlk/apr-asset/Ixf4aptF5N2Qdfmh4fGGYhTN274kJXuNMkUAzpL5HuD9jzSxIGG5kZNhhHY-p7nw/hotel/asset/67822583-5a306c85b9d3177ffce56267602a812a.jpeg?tr=q-80,c-at_max,w-1280,h-720&_src=imagekit
Famiana Hotel,Hotel,"Tran Hung Dao Street",4.3,Phu Quoc,2400000,https://dynamic-media-cdn.tripadvisor.com/media/photo-o/10/ab/f8/53/top-view-famiana-resort.jpg?w=1400&h=-1&s=1
Valley Village Phu Quoc,Hotel,"Phu Quoc, Vietnam",4.0,Phu Quoc,1100000,https://dynamic-media-cdn.tripadvisor.com/media/photo-o/12/e2/97/1f/phu-quoc-valley-resort.jpg?w=700&h=-1&s=1
Trung Huynh Bungalow,Hotel,"Tran Hung Dao Street",1.0,Phu Quoc,350000,https://cdn2.vietnambooking.com/wp-content/uploads/hotel_pro/hotel_510637/e7521fe44369e26af556d7f32ea52e78.jpg
Freedomland Hotel,Hotel,"Phu Quoc, Vietnam",4.2,Phu Quoc,1500000,https://dynamic-media-cdn.tripadvisor.com/media/photo-o/10/20/4b/b6/common-area--v16449052.jpg?w=2400&h=-1&s=1
Orient Hotel,Hotel,"Phu Quoc, Vietnam",3.5,Phu Quoc,700000,https://atypikvietnam.com/wp-content/uploads/2021/06/Phu-Quoc-hotel-2048x1024.jpg
T90 Hotel,Hotel,"Phu Quoc, Vietnam",3.6,Phu Quoc,750000,https://pix6.agoda.net/hotelImages/303056/-1/e7c159799fab9e92cc3213d4d3c482f9.jpg
Buffet Xua Va Nay - Fresh Seafood Buffet Phu Quoc,Restaurant,"144A 30 Thang 4 Street",4.2,Phu Quoc,350000,https://diachiamthuc.vn/wp-content/uploads/2022/07/Buffet-Phu-Quoc.jpg
Banana Garden,Restaurant,"91/4 Tran Hung Dao Street",4.0,Phu Quoc,200000,https://hobby-trip.info/wp-content/uploads/2024/09/Banana-garden-restaurant-Phu-Quoc.jpg
Ganesh Indian Restaurant,Restaurant,"97 Tran Hung Dao Street",4.4,Phu Quoc,280000,https://vietnamtour.in/wp-content/uploads/VNIN_Ganesh-Indian-restaurant-min.jpg
The Embassy,Restaurant,"Tran Hung Dao Street",4.1,Phu Quoc,250000,https://mishvoinmotion.com/wp-content/uploads/2020/06/17039058_1221677311286978_7384979839270408_o.jpg
Chuon Chuon Bistro & Sky Bar,Restaurant,"Tran Hung Dao Street",4.5,Phu Quoc,180000,https://static.muanhanh.com/images/dia-diem/kien-giang/chuon-chuon-bistro-sky-bar/chuon-chuon-bistro-sky-bar-1.jpg
Lemongrass,Restaurant,"Tran Hung Dao Street",4.0,Phu Quoc,220000,https://dynamic-media-cdn.tripadvisor.com/media/photo-o/2b/21/62/33/caption.jpg?w=1200&h=1200&s=1
Mesto,Restaurant,"100 Tran Hung Dao Street",3.9,Phu Quoc,190000,https://hanoivoyage.com/uploads/Blogs/Vietnam/Cover-image/top-10-des-meilleurs-restaurants-a-phu-quoc.webp
Tween's Kitchen,Restaurant,"100C/4 Tran Hung Dao Street",3.8,Phu Quoc,170000,https://lookaside.fbsbx.com/lookaside/crawler/media/?media_id=216014306980447
Oc Noc Tran Hung Dao,Restaurant,"136 Tran Hung Dao Street",4.1,Phu Quoc,150000,https://hotel84.com/hotel84-images/news/img1/nha-hang-ocnoc.jpg
Moc Kitchen Pq Cooking Class,Restaurant,"47/9 Tran Hung Dao Street",4.3,Phu Quoc,450000,https://lookaside.fbsbx.com/lookaside/crawler/media/?media_id=122124660230455642
Bep Vang Restaurant,Restaurant,"136 Tran Hung Dao Street",4.0,Phu Quoc,180000,https://media-cdn.tripadvisor.com/media/photo-m/1280/29/ff/52/3f/khong-gian-m.jpg
Peppers Pizza And Grill,Restaurant,"Phu Quoc, Vietnam",4.2,Phu Quoc,240000,https://rootytrip.com/wp-content/uploads/2023/10/phu-quoc-restaurants-5.jpg
Sim Garden,Restaurant,"Phu Quoc, Vietnam",3.9,Phu Quoc,200000,https://media-cdn.tripadvisor.com/media/photo-s/2a/e7/78/01/sim-restaurant.jpg
The Palm Tree,Restaurant,"Phu Quoc, Vietnam",4.0,Phu Quoc,190000,https://dynamic-media-cdn.tripadvisor.com/media/photo-o/19/e6/0d/69/the-palm-tree-restaurant.jpg?w=700&h=-1&s=1
The Rabbit Hole Irish Bar,Restaurant,"2/1/118 Tran Hung Dao Street",4.4,Phu Quoc,220000,https://www.therabbitholeirishbar.com/wp-content/uploads/2025/09/The-Rabbit-Hole-Irish-Sports-Bar-Phu-Quoc-Exterior-2048x1413.jpg
Javaher Halal Restaurant,Restaurant,"Phu Quoc, Vietnam",4.1,Phu Quoc,260000,https://dynamic-media-cdn.tripadvisor.com/media/photo-o/31/bc/dc/be/javaher-halal-restaurant.jpg?w=900&h=500&s=1
Buddy Ice Cream,Restaurant,"Phu Quoc, Vietnam",4.3,Phu Quoc,80000,https://www.amotravel.com/it/wp-content/uploads/2019/11/Buddy-cafe-Phu-Quoc.jpg
German B,Restaurant,"Phu Quoc, Vietnam",4.0,Phu Quoc,250000,https://foto.wuestenigel.com/wp-content/uploads/api2/deutsche-ba-ckerei-und-imbiss-hardys-german-bakery-and-cafe-mit-bayern-flagge-in-phu-quoc-vietnam.jpeg
Phuong Binh Restaurant,Restaurant,"Alley 118, Tran Hung Dao Street",3.9,Phu Quoc,150000,https://media-cdn.tripadvisor.com/media/photo-s/18/5d/56/1c/photo2jpg.jpg
Thai Tan Tien Restaurant,Restaurant,"Phu Quoc, Vietnam",3.8,Phu Quoc,160000,https://dynamic-media-cdn.tripadvisor.com/media/photo-o/1a/83/dd/23/udsigt-fra-strand-restauranten.jpg?w=500&h=-1&s=1
Steven Teo,Restaurant,"Phu Quoc, Vietnam",4.2,Phu Quoc,280000,https://rootytrip.com/wp-content/uploads/2023/10/phu-quoc-restaurants-5.jpg
Nha Trang Restaurant,Restaurant,"143 Tran Hung Dao Street",4.0,Phu Quoc,180000,https://static.vinwonders.com/production/2025/02/restaurants-and-bars-in-Phu-Quoc-resorts.jpeg
Kim Cuong Seafood,Restaurant,"Phu Quoc, Vietnam",3.9,Phu Quoc,250000,https://lookaside.fbsbx.com/lookaside/crawler/media/?media_id=61553284448797
Winston's Burgers & Beer,Restaurant,"121 Tran Hung Dao Street",4.5,Phu Quoc,320000,https://lookaside.fbsbx.com/lookaside/crawler/media/?media_id=1352101519600019
Cami,Restaurant,"Tran Hung Dao Street",4.1,Phu Quoc,190000,https://cdn.hungryonion.org/original/3X/0/0/00d2cd38cbcda6a766b3f557b70c2c96c9c2719e.jpg
Duc William,Restaurant,"Phu Quoc, Vietnam",3.8,Phu Quoc,210000,https://rootytrip.com/wp-content/uploads/2023/10/phu-quoc-restaurants-10.jpg
Hardy's,Restaurant,"Phu Quoc, Vietnam",4.0,Phu Quoc,230000,https://media-cdn.tripadvisor.com/media/photo-s/0e/bb/41/0d/hardy-s-german-bakery.jpg
May Restaurant,Restaurant,"1 Tran Hung Dao Street",3.9,Phu Quoc,170000,https://img3.restaurantguru.com/c676-May-Restaurant-interior.jpg
F5 Restaurant,Restaurant,"Phu Quoc, Vietnam",4.1,Phu Quoc,200000,https://media-cdn.tripadvisor.com/media/photo-m/1280/15/39/f9/30/new-face.jpg
Sakura Restaurant,Restaurant,"Phu Quoc, Vietnam",4.3,Phu Quoc,350000,https://vietnamdiscovery.com/wp-content/uploads/2019/09/Sakura-restaurant-in-Phu-Quoc-@kingmonarosa.jpg
Sakura II Restaurant,Restaurant,"Phu Quoc, Vietnam",4.2,Phu Quoc,320000,https://vietnamdiscovery.com/wp-content/uploads/2019/09/Sakura-restaurant-in-Phu-Quoc-@kingmonarosa.jpg
Ngoc-Danh Quyen,Restaurant,"Phu Quoc, Vietnam",3.7,Phu Quoc,150000,https://cdn.hanoivoyage.com/uploads/Blogs/Vietnam/Phu-Quoc/Restaurant/family-inn-phu-quoc.webp
Drunk'n Monkey,Restaurant,"Tran Hung Dao Street",4.4,Phu Quoc,250000,https://img.restaurantguru.com/w550/h367/rf16-Drunk-N-Monkey-facade.jpg
Hoa Sim,Restaurant,"Phu Quoc, Vietnam",3.8,Phu Quoc,160000,https://img.restaurantguru.com/w550/h367/r11d-restaurant-Bar-Quan-Hoa-Sim-seafood.jpg
An Giang Restaurant,Restaurant,"30/4 Street",3.9,Phu Quoc,140000,https://c8.alamy.com/comp/2G403P4/people-enjoying-drinks-in-the-restaurant-and-bar-of-the-mango-bay-resort-on-ong-lang-beach-at-dusk-ong-lang-phu-quoc-island-kien-giang-vietnam-as-2G403P4.jpg
So True,Restaurant,"Cua Street",4.2,Phu Quoc,220000,https://ik.imagekit.io/tvlk/xpe-asset/AyJ40ZAo1DOyPyKLZ9c3RGQHTP2oT4ZXW+QmPVVkFQiXFSv42UaHGzSmaSzQ8DO5QIbWPZuF+VkYVRk6gh-Vg4ECbfuQRQ4pHjWJ5Rmbtkk=/2001728808070/So%20True%20-%20Vietnamese%20Kitchen%20Phu%20Quoc-4304bb34-654d-437b-b91a-114295c5beee.jpeg?tr=q-60,c-at_max,w-1280,h-720&_src=imagekit
Bup Restaurant,Restaurant,"108 30/4 Street",4.0,Phu Quoc,180000,https://vietnamreviewer.com/wp-content/uploads/2021/12/Quan-Bup-611x400.jpg
Mango Bay Restaurant,Restaurant,"Phu Quoc, Vietnam",4.5,Phu Quoc,450000,https://media-cdn.tripadvisor.com/media/photo-p/1a/1b/b2/20/we-invite-you-to-indulge.jpg
Happy An,Restaurant,"Phu Quoc, Vietnam",4.1,Phu Quoc,200000,https://rootytrip.com/wp-content/uploads/2023/10/phu-quoc-restaurants-5.jpg
Grand Hotel,Hotel,"Vung Tau, Vietnam",4.3,Vung Tau,2500000,https://pix10.agoda.net/hotelImages/234434/-1/877773fc793801e7e3a68be3934f3232.jpg
Ibis Styles Hotel,Hotel,"Vung Tau, Vietnam",4.2,Vung Tau,1800000,https://kda.vn/uploads/extra/241/z3718233146689_ff41fd651ef40be2c3b0e49f95c37ce8.jpg
Pullman Hotel,Hotel,"Vung Tau, Vietnam",4.6,Vung Tau,3500000,https://d2e5ushqwiltxm.cloudfront.net/wp-content/uploads/sites/23/2018/09/19095902/Pullman-Vung-Tau-main1-724x357.jpg
The Wind Boutique Hotel,Hotel,"98 Phan Chu Trinh Street",4.0,Vung Tau,1200000,https://q-xx.bstatic.com/xdata/images/hotel/max1024x768/179275304.jpg?k=e96dba38fbf488065068638cf2467db5fdf7844f0877c3c1f799694161ed5de4&o=
The Wind Boutique Resort,Resort,"Vung Tau, Vietnam",4.1,Vung Tau,1500000,https://q-xx.bstatic.com/xdata/images/hotel/max1024x768/179275304.jpg?k=e96dba38fbf488065068638cf2467db5fdf7844f0877c3c1f799694161ed5de4&o=
Paradise Golf Resort,Resort,"Vung Tau, Vietnam",4.3,Vung Tau,2200000,http://golftripvietnam.com/wp-content/uploads/2023/06/vung-tau-paradise-golf-course-3.jpg
Vung Tau Intourco Resort,Resort,"Vung Tau, Vietnam",4.2,Vung Tau,1900000,https://www.uncovervietnam.com/wp-content/uploads/2020/04/Vung-Tau-Intourco-Resort.jpeg
Bimexco Resort,Resort,"Vung Tau, Vietnam",3.8,Vung Tau,1400000,https://ktmt.vnmediacdn.com/images/2022/05/21/33-1653112105-bimexco-resort-vung-tau-2.jpg
Kim Minh Boutique Hotel,Hotel,"Vung Tau, Vietnam",4.0,Vung Tau,950000,https://anchoivungtau.vn/wp-content/uploads/2022/08/h5-11.jpg
V Boutique Hotel,Hotel,"32 Phan Huy Ich Street",3.9,Vung Tau,850000,https://lookaside.fbsbx.com/lookaside/crawler/media/?media_id=122109079136194086
Binh An 2 Hotel,Hotel,"Vung Tau, Vietnam",3.5,Vung Tau,650000,https://pix10.agoda.net/hotelImages/290364/-1/3e4edfb30830f92fc13eda515b56b53f.jpg?s=1024x768
Kim Ngan Hotel,Hotel,"243 Le Hong Phong Street",3.6,Vung Tau,700000,http://kimnganhotel.com/upload/hinhanh/s1-1925.png
Petro House Hotel,Hotel,"63 Tran Hung Dao Street",4.0,Vung Tau,1100000,http://www.holidayinvietnam.com/sites/default/files/styles/vht_vlarge_720_540/public/vht/hotel/images/petro_house_vung_tau1.jpg?itok=OIr1M9-E
Green Hotel,Hotel,"147C Thuy Van Street",3.7,Vung Tau,750000,https://www.tnktravel.com/wp-content/uploads/2014/06/Green-Vung-Tau-hotel.jpg
Thanh Nam Hotel,Hotel,"Vung Tau, Vietnam",3.5,Vung Tau,600000,https://pix6.agoda.net/hotelImages/412/412707/412707_16051410260042325139.jpg?s=1024x768
Phung Ha Hotel,Hotel,"Vung Tau, Vietnam",3.4,Vung Tau,550000,https://accvungtau.vn/wp-content/uploads/2025/06/Review-Phung-Ha-Hotel-Vung-Tau-768x425.jpg
Mekong Hotel,Hotel,"Vung Tau, Vietnam",3.6,Vung Tau,650000,https://media.licdn.com/dms/image/C5112AQFLn9GNtAk3jg/article-cover_image-shrink_720_1280/0/1544752994861?e=2147483647&v=beta&t=B3EPDnfjPdX1s_tqvzAp1ujvQI9aRz9lMUYfqQD462I
Asia Hotel,Hotel,"Vung Tau, Vietnam",3.8,Vung Tau,800000,https://thailand-construction.com/wp-content/uploads/2019/02/Vienna-House-to-open-its-first-Asia-hotel-in-Vung-Tau-Vietnam.jpg
Tuyet Nhi Hotel,Hotel,"Vung Tau, Vietnam",3.5,Vung Tau,600000,https://res.klook.com/klook-hotel/image/upload/travelapi/47000000/46970000/46960400/46960324/6f76b1f4_z.jpg
Hoang Mai Hotel,Hotel,"Vung Tau, Vietnam",3.4,Vung Tau,580000,https://cf.bstatic.com/xdata/images/hotel/max1024x768/398273294.jpg?k=8442ca959d7e423bfd738e6719cad00c233ae4fed8ee5382d9d225acda3bdc91&o=&hp=1
Cao Su Hotel,Hotel,"Vung Tau, Vietnam",3.7,Vung Tau,720000,https://cdn.ostrovok.ru/t/640x400/content/7d/97/7d97633a9746f00fd238589b10fa3aecc8a024e9.jpeg
Imperial Hotel,Hotel,"159-163 Thuy Van Street",4.7,Vung Tau,4200000,https://pix10.agoda.net/hotelImages/161729/-1/127a3fb4f27d087c1017afcfb0e89405.jpg?s=1024x768
Sen Bien Hotel,Hotel,"154 Ha Long Street",3.9,Vung Tau,900000,https://ik.imagekit.io/tvlk/blog/2022/08/khach-san-vung-tau-view-bien-2.jpg?tr=dpr-2,w-675
Bao Dam Hang Hai Hotel,Hotel,"70 Ha Long Street",3.8,Vung Tau,850000,https://pix1.agoda.net/hotelimages/460/460562/460562_15020616380025174531.jpg
O Cap Hotel,Hotel,"80 Ha Long Street",3.6,Vung Tau,700000,https://ik.imagekit.io/tvlk/blog/2023/09/the-cap-hotel-2.jpg?tr=dpr-2,w-675
Hoa Hong Hotel,Hotel,"Nguyen Bieu Street",3.5,Vung Tau,600000,https://cf.bstatic.com/xdata/images/hotel/max1024x768/429154565.jpg?k=e4ed42f47fe948a14250deae89cdd93ae2c8e65a69c6146303b0a29a734eaec9&o=
33 Hotel,Hotel,"33 Phan Van Tri Street",3.4,Vung Tau,550000,https://dynamic-media-cdn.tripadvisor.com/media/photo-o/0b/5b/7c/db/good-view.jpg?w=700&h=-1&s=1
Phuong Nam Hotel,Hotel,"Vung Tau, Vietnam",3.9,Vung Tau,850000,https://pix10.agoda.net/hotelImages/7165569/-1/af9e8bde491919db14ab68db256b406b.jpg?s=1024x768
Doi Dua Hotel,Hotel,"Vung Tau, Vietnam",3.7,Vung Tau,750000,https://happylandgroup.com.vn/wp-content/uploads/2022/05/Doi-Dua-Complex-Vung-Tau.jpg
Tai Nguyen Hotel,Hotel,"Vung Tau, Vietnam",3.5,Vung Tau,620000,https://media-cdn.tripadvisor.com/media/photo-s/0a/94/51/60/2-beds.jpg
Hotel Ming Dang,Hotel,"Vung Tau, Vietnam",3.6,Vung Tau,650000,https://ak-d.tripcdn.com/images/200b0i000000987e86276.jpg
Cong Doan Hotel,Hotel,"Tran Hung Dao Street",3.8,Vung Tau,780000,https://congdoanvietnamhotel.com/wp-content/uploads/2019/10/rsz_dsc03668.jpg
Hoai An Hotel,Hotel,"B2 A Chau Area",3.7,Vung Tau,680000,https://vietnamwildlifetours.com/wp-content/uploads/2019/12/hotel-hoai-anh-in-vung-tau-850x500.jpg
193 Hotel,Hotel,"Vung Tau, Vietnam",3.5,Vung Tau,600000,https://dynamic-media-cdn.tripadvisor.com/media/photo-o/23/c8/ff/17/vias-hotel-vung-tau.jpg?w=1400&h=-1&s=1
Rainbow Hotel,Hotel,"Vung Tau, Vietnam",3.8,Vung Tau,750000,https://www.photos-videos.net/wp-content/uploads/2017/01/Rainbow-in-Vung-Tau-Vietnam.jpg
My House Hotel,Hotel,"Vung Tau, Vietnam",3.6,Vung Tau,620000,https://dynamic-media-cdn.tripadvisor.com/media/photo-o/0c/f2/3e/71/p-20160912-115735-largejpg.jpg?w=700&h=-1&s=1
Happy Diamonds Hotel,Hotel,"146 Ha Long Street",3.9,Vung Tau,850000,https://cf.bstatic.com/xdata/images/hotel/max1024x768/481272812.jpg?k=960886bd69442b9c9c4a8dbbef1132dd5a8f4c5b2dad6c1fd9cb36f5e3789b14&o=&hp=1
My Phuoc Hotel,Hotel,"3 Nguyen Trai Street",3.7,Vung Tau,700000,https://static.readytotrip.com/upload/information_system_24/4/8/5/item_4851536/information_items_4851536.jpg
Lucky Hotel,Hotel,"Vung Tau, Vietnam",3.8,Vung Tau,780000,https://pix10.agoda.net/hotelImages/15910461/-1/2ad3830c360f74e1cf6e47b08c3c8476.jpg
Minh Hien Hotel,Hotel,"45 La Van Cau Street",3.5,Vung Tau,600000,https://cf.bstatic.com/xdata/images/hotel/max1024x768/427242014.jpg?k=cf0b1e6bc8ff87dbbcaade6bc2a59c1d0233c89b03567c14e88d2d7aec743b54&o=&hp=1
Beeship.Me,Restaurant,"172 Hoang Hoa Tham Street",4.1,Vung Tau,150000,https://lilystravelagency.com/wp-content/uploads/2024/07/restaurant-vung-tau4.png
Solsoy - Tra Sua Dau Nha Ba Tu,Restaurant,"139/31 Alley 139 Phan Chu Trinh Street",4.3,Vung Tau,45000,https://lookaside.fbsbx.com/lookaside/crawler/media/?media_id=139565011881454
Xang-Ti-Met - Coffee And Tea,Restaurant,"04 Ly Tu Trong Street",4.0,Vung Tau,55000,https://images.foody.vn/res/g118/1176465/prof/s640x400/foody-upload-api-foody-mobile-ca-4f9ab55e-230708082058.jpg
Cat Phuong Gia - Dimsum,Restaurant,"110 Le Lai Street",4.2,Vung Tau,250000,https://lookaside.fbsbx.com/lookaside/crawler/media/?media_id=61573579437369
Sushi Lounge,Restaurant,"Vung Tau, Vietnam",4.4,Vung Tau,350000,https://lookaside.fbsbx.com/lookaside/crawler/media/?media_id=1446283266706071
Com Huong Duong,Restaurant,"Vung Tau, Vietnam",3.9,Vung Tau,80000,https://lookaside.fbsbx.com/lookaside/crawler/media/?media_id=100063501942914
Ganh Hao I,Restaurant,"03 Tran Phu Street",4.6,Vung Tau,450000,https://4.bp.blogspot.com/-UkwsXAsiYj4/V195sHs6tiI/AAAAAAAAFoY/IdrJZgoT9KQ1vxZd-ob_HK4g3MSqGASCQCLcB/s1600/A_Vung+Tau_Ganh+Hao+Restaurant.jpg
Hai Hoang Restaurant,Restaurant,"Vung Tau, Vietnam",4.0,Vung Tau,200000,https://img.restaurantguru.com/w550/h367/r06c-meals-Quan-Bun-Bo-Hue-Hai-Hoang.jpg
Banh Beo Tuyet Mai,Restaurant,"9 Phan Chu Trinh Street",4.3,Vung Tau,60000,https://images.foody.vn/res/g5/49375/s800/foody-banh-beo-tuyet-mai-381-636992590883184055.jpg
Ca Ong Restaurant,Restaurant,"1 Thuy Van Street",4.1,Vung Tau,250000,https://www.carnival.com/shop/medias/973003-img3.jpg?context=bWFzdGVyfGltYWdlc3wzMDMwOTh8aW1hZ2UvanBlZ3xhRGhqTDJnNU55ODRPVGt6TWpJMU9UQXdNRFl5THprM016QXdNeTFwYldjekxtcHdad3xhNjA1ODE0Zjk2NjAwN2ZmNzBhY2Q5ZTRkMzYzYTE0MGI2Mjc3OTJmMDMzYTdjZDkzMGQ0MDY4ODlmYTc2ZGJm&w=700&h=550&resize_profile=pdpgallery
Manta Restaurant,Restaurant,"Tran Dong Street",4.0,Vung Tau,220000,https://u.realgeeks.media/keystosarasota/manta_2021/Manta_Restaurant_Big_Island_Luxury_Dining_Entrance.jpg
Nhu Thanh Restaurant,Restaurant,"165 Truong Cong Dinh Street",3.9,Vung Tau,180000,http://reviewvilla.vn/wp-content/uploads/2022/05/hafi-hotel-and-restaurant-17.jpg
Do Chieu Banh Cuon,Restaurant,"25 Do Chieu Street",4.2,Vung Tau,50000,https://luhanhvietnam.com.vn/du-lich/vnt_upload/news/01_2023/quan-an-ngon-o-do-chieu-vung-tau-banh-cuon.jpg
Mr.Ket,Restaurant,"Ha Long Street",4.1,Vung Tau,200000,https://dynamic-media-cdn.tripadvisor.com/media/photo-o/0c/b7/b0/12/mrket.jpg?w=1200&h=-1&s=1
Bbq World,Restaurant,"Ha Long Street",4.0,Vung Tau,300000,https://www.sunworldvungtau.com/wp-content/uploads/2025/01/sakura-bbq-vung-tau.webp
O Cap 1 Restaurant,Restaurant,"74 Ha Long Street",3.8,Vung Tau,180000,https://images.foody.vn/res/g1/4728/s800/foody-o-cap-1-cafe-464-636555265955111565.jpg
Banh Khot Ba Hai,Restaurant,"42 Tran Dong Street",4.4,Vung Tau,70000,https://diamondvillavungtau.vn/wp-content/uploads/2023/10/BANH-KHOT-BA-HAI-VUNG-TAU.jpg
Pizza Hut Ba Cu,Restaurant,"256 Ba Cu Street",4.0,Vung Tau,200000,https://lookaside.fbsbx.com/lookaside/crawler/media/?media_id=285623327188761
69 Restaurant,Restaurant,"69 Alley 69 Le Hong Phong Street",3.9,Vung Tau,150000,https://img.restaurantguru.com/w550/h367/rd69-Banh-Trang-Tron-Vung-Tau-interior.jpg
Hun Tien Nhau,Restaurant,"42b Nguyen Binh Khiem Street",4.0,Vung Tau,180000,https://img.restaurantguru.com/w550/h367/r408-view-Quan-Nhau-Trung-Chim.jpg
Alibaba Restaurant,Restaurant,"7 Nguyen Trai Street",4.1,Vung Tau,250000,https://media-cdn.tripadvisor.com/media/photo-s/1b/97/01/fb/alibaba.jpg
Partea,Restaurant,"Vung Tau, Vietnam",4.2,Vung Tau,60000,https://dynamic-media-cdn.tripadvisor.com/media/photo-o/14/ae/ba/31/the-sign.jpg?w=1200&h=1200&s=1
Hu Tieu Muc,Restaurant,"Vung Tau, Vietnam",4.0,Vung Tau,55000,https://luhanhvietnam.com.vn/du-lich/vnt_upload/news/12_2023/quan_hu_tieu_muc_ngon_o_vung_tau_thuan_phuc.png
Sophie Restaurant,Restaurant,"3 Ba Cu Street",4.1,Vung Tau,150000,https://img.restaurantguru.com/w550/h367/r850-meals-Sophie-Coffee-and-Restaurant.jpg
Thuan Phuc Restaurant,Restaurant,"94 Hoang Hoa Tham Street",4.0,Vung Tau,120000,https://luhanhvietnam.com.vn/du-lich/vnt_upload/news/12_2023/quan_hu_tieu_muc_ngon_o_vung_tau_thuan_phuc.png
Oc Co Quyen,Restaurant,"177 Vo Thi Sau Street",4.2,Vung Tau,150000,https://img.restaurantguru.com/c4b4-Oc-Ngon-tp-Vung-Tau-photo.jpg
Bach Dang Restaurant,Restaurant,"Vung Tau, Vietnam",3.9,Vung Tau,200000,https://lookaside.fbsbx.com/lookaside/crawler/media/?media_id=793212226165454
Ngon 15 Restaurant,Restaurant,"15 Nguyen Truong To Street",4.0,Vung Tau,180000,https://ticotravel.com.vn/wp-content/uploads/2022/05/mon-ngon-vung-tau-8.jpg
Cafe Olivia,Restaurant,"10 Ly Thuong Kiet Street",4.1,Vung Tau,50000,https://lh3.googleusercontent.com/p/AF1QipOmPiBpZFwjXq_NJt1t68OCIkxTWONBr68M2v_8=s680-w680-h510
R&B Milk Tea,Restaurant,"Vung Tau, Vietnam",4.0,Vung Tau,45000,https://cdn.tgdd.vn/Files/2022/11/08/1485646/top-15-quan-tra-sua-nho-dep-tai-sai-gon-do-uong-ngon-song-ao-thoa-thich-202211082119176342.jpg
Vuon Oc Wongnai,Restaurant,"34 Tran Hung Dao Street",4.3,Vung Tau,200000,https://accvungtau.vn/wp-content/uploads/2025/06/Review-Vuon-oc-Wongnai-Vung-Tau.jpg
Bui Vien Restaurant,Restaurant,"2 Nguyen Trai Street",4.1,Vung Tau,180000,https://fme.travel/uploads/2024/02/NongThonDaiViet-TheRice-Hotel-Restautant-1280x853.jpg
Loan Chao Long,Restaurant,"Vung Tau, Vietnam",3.8,Vung Tau,45000,https://anchoivungtau.vn/wp-content/uploads/2022/11/Chao_long_Ba_Loan_8.jpg
Quan Su Bin - Bo La Lot,Restaurant,"Vung Tau, Vietnam",4.2,Vung Tau,150000,https://menu.restaurantguru.com/m4/menu-Quan-Bo-Nuong-La-Lot.jpg
Chay Tam Tu,Restaurant,"119/3 Hoang Hoa Tham Street",4.0,Vung Tau,60000,https://lookaside.fbsbx.com/lookaside/crawler/media/?media_id=100064185573997
Tinh Man Restaurant,Restaurant,"30 Phung Chi Kien Street",3.9,Vung Tau,55000,https://lookaside.fbsbx.com/lookaside/crawler/media/?media_id=1105497221737767
Bep Chay Co May,Restaurant,"26 Binh Gia Street",4.3,Vung Tau,70000,https://luhanhvietnam.com.vn/du-lich/vnt_upload/news/09_2022/quan-an-chay-ngon-o-vung-tau-co-may2.jpg
Vuon Chay,Restaurant,"38/9 Binh Gia Street",4.1,Vung Tau,65000,https://lookaside.fbsbx.com/lookaside/crawler/media/?media_id=100063713329474
Hai Vuong Seafood,Restaurant,"Thuy Van Street",4.2,Vung Tau,300000,https://www.vivutravel.com/images/des_vietnam7/vietnam-tour-haivuong-restaurant.jpg
Sao Viet Restaurant,Restaurant,"Vung Tau, Vietnam",3.9,Vung Tau,180000,https://img.restaurantguru.com/w550/h367/r0d1-Nha-Hang-Sao-o-interior.jpg
Tru By Hilton Can Tho Cai Khe,Hotel,"112 D Tran Phu Street, Ninh Kieu",4.0,Can Tho,1900000,https://www.hilton.com/im/en/VCACTRU/23676106/dji-20250710175200-0336-d-hdr-copy.jpg?impolicy=crop&cw=2845&ch=1585&gravity=NorthWest&xposition=491&yposition=646&rw=768&rh=430
Sheraton Can Tho Hotel,Hotel,"Can Tho, Vietnam",5.0,Can Tho,3200000,https://vn.sheratoncantho.com/resourcefiles/home-content-section-image/hotel-exterior.png?version=3292023062640
Sheraton Can Tho Hotel,Hotel,"209 30 Thang 4 Street, Ninh Kieu",4.9,Can Tho,3200000,https://vn.sheratoncantho.com/resourcefiles/home-content-section-image/hotel-exterior.png?version=3292023062640
Victoria Can Tho Resort,Resort,"Can Tho, Vietnam",4.7,Can Tho,2800000,https://www.victoriahotels.asia/wp-content/uploads/2022/12/VCT_Overview_1.jpg
Iris Hotel,Hotel,"224 30/4 Street, Ninh Kieu",4.0,Can Tho,1200000,https://nemtv.vn/wp-content/uploads/2019/03/khach-san-can-tho-nemtv-4.jpg
Ninh Kieu Riverside Hotel,Hotel,"2 Hai Ba Trung Street",4.0,Can Tho,1300000,https://hotel84.com/hotel84-images/product/photo/ninh-kieu-reverside-hotel.jpg
Muong Thanh Hotel,Hotel,"Can Tho, Vietnam",5.0,Can Tho,1500000,http://pix1.agoda.net/hotelimages/907/907601/907601_16090815330046249339.jpg
West Hotel,Hotel,"Can Tho, Vietnam",4.0,Can Tho,1100000,https://dynamic-media-cdn.tripadvisor.com/media/photo-o/0f/19/f1/4f/photo0jpg.jpg?w=1200&h=-1&s=1
Nam Mon The Boutique Hotel,Hotel,"Can Tho, Vietnam",3.8,Can Tho,850000,https://dynamic-media-cdn.tripadvisor.com/media/photo-o/0c/fd/9b/64/nice-hotel.jpg?w=700&h=-1&s=1
An Hotel,Hotel,"Can Tho, Vietnam",3.7,Can Tho,750000,https://pix10.agoda.net/hotelImages/6909078/-1/a6f2a57e9166d72f31fe6d395ee615c8.jpg?s=1024x768
Lua Nep Hotel,Hotel,"Can Tho, Vietnam",3.9,Can Tho,900000,https://scontent.iocvnpt.com/resources/portal/Images/CTO/superadminportal.cto/Nhahang/LuaNep/luanep4_637024292642080483.jpg
Thien Ly Hotel,Hotel,"Can Tho, Vietnam",2.0,Can Tho,350000,https://pix10.agoda.net/hotelImages/6909078/-1/a6f2a57e9166d72f31fe6d395ee615c8.jpg?s=1024x768
V'luna Hotel - Managed By Thm,Hotel,"19-D3 Tran Quang Khai Street, Ninh Kieu",3.9,Can Tho,950000,https://dynamic-media-cdn.tripadvisor.com/media/photo-o/2f/1d/8d/60/caption.jpg?w=1100&h=-1&s=1
Tan Phuoc 5 Hotel,Hotel,"Can Tho, Vietnam",3.5,Can Tho,600000,https://autourasia.fr/uploads/Travel-Guide-Vietnam/Can-tho/top-10-best-luxury-hotels-can-tho/700-hotel-ninh-kieu-2.jpg
Kim Tho Hotel,Hotel,"1 Ngo Gia Tu Street",3.8,Can Tho,820000,http://www.holidayinvietnam.com/sites/default/files/vht/hotel/images/kim_tho.jpg
Golf Cantho Hotel,Hotel,"Can Tho, Vietnam",3.9,Can Tho,880000,https://www.travelvietnam.com/images/photos/asia/vietnam-cantho-golf-can-tho-hotel.jpg?t=1694654593
Saigon Can Tho Hotel,Hotel,"Can Tho, Vietnam",4.0,Can Tho,1000000,https://pix10.agoda.net/hotelImages/6909078/-1/a6f2a57e9166d72f31fe6d395ee615c8.jpg?s=1024x768
Phuong Nam Hotel,Hotel,"Can Tho, Vietnam",3.6,Can Tho,650000,https://pix6.agoda.net/hotelImages/544/544329/544329_14091911410022264100.jpg
Hello 2 Hotel,Hotel,"31 Chau Van Liem Street",3.5,Can Tho,550000,https://pix10.agoda.net/hotelImages/6909078/-1/a6f2a57e9166d72f31fe6d395ee615c8.jpg?s=1024x768
Tay Do Hotel,Hotel,"61 Chau Van Liem Street",3.7,Can Tho,700000,https://storage.googleapis.com/td-robb-media/2023/04/1.-Hotel-Exterior.jpg
Hau Giang Hotel,Hotel,"27 Chau Van Liem Street",3.6,Can Tho,620000,https://dynamic-media-cdn.tripadvisor.com/media/photo-o/06/b9/7a/fd/hau-giang-hotel.jpg?w=700&h=-1&s=1
Xuan Mai 1 Hotel,Hotel,"Can Tho, Vietnam",3.4,Can Tho,500000,https://cf.bstatic.com/xdata/images/hotel/max1024x768/484190119.jpg?k=08d38aa7bf656a9cc2bfdab425974209f248b7d6f2de50d6e9134704e3503a38&o=&hp=1
Hong Phuc Hotel,Hotel,"Can Tho, Vietnam",3.5,Can Tho,550000,https://cf.bstatic.com/xdata/images/hotel/max1024x768/201394030.jpg?k=de03018e3c828020a69c62db26345f29865ea5007b2ac5f4fc10b8df4b298f41&o=
Xoai Hotel,Hotel,"93 Mau Than Street",3.6,Can Tho,580000,https://hotelxoai.com/img/IMG_04471.JPG
Sau Khai Hotel,Hotel,"Can Tho, Vietnam",3.3,Can Tho,450000,https://cf.bstatic.com/xdata/images/hotel/max1024x768/409014555.jpg?k=23f07b605a0b41e97fc674f403319792213fd4beffb53ae37807f228e3e592e8&o=&hp=1
Thien Hai Son Hotel,Hotel,"Can Tho, Vietnam",3.7,Can Tho,680000,https://kenhhomestay.com/wp-content/uploads/2022/03/Thien-Hai-Son-phu-quoc-3.jpg
Hoa Anh Dao Hotel,Hotel,"Can Tho, Vietnam",3.5,Can Tho,520000,https://static.hotdeal.vn/images/1577/1577303/60x60/354356-anh-dao-mekong-2-hotel-3-can-tho-2n1d-phong-standard-gom-an-sang-su-dung-ho-boi-khong-phu-thu-cuoi-tuan.jpg
Phu Ny Hotel,Hotel,"Can Tho, Vietnam",3.4,Can Tho,480000,https://pix10.agoda.net/hotelImages/6909078/-1/a6f2a57e9166d72f31fe6d395ee615c8.jpg?s=1024x768
Ngan Ha Hotel,Hotel,"39-41 Ngo Quyen Street",3.6,Can Tho,600000,https://cf.bstatic.com/xdata/images/hotel/max300/256017116.jpg?k=5890822576b4137c1abc667fa3525a6385289a4ec3e73fbd5406b6854555e16b&o=&hp=1
Phuong Dong Hotel,Hotel,"Can Tho, Vietnam",3.7,Can Tho,650000,https://www.tnktravel.com/wp-content/uploads/2015/03/Phuong-Dong-Hotel-Can-Tho.jpg
31B Hotel,Hotel,"Can Tho, Vietnam",3.3,Can Tho,420000,https://cf.bstatic.com/xdata/images/hotel/max1024x768/640205326.jpg?k=b08fc999f971d9fd1f32261c1a1f47741cb71ab08d0f04e74aa558a1ffa8b49a&o=
Hung Cuong Hotel,Hotel,"Can Tho, Vietnam",3.5,Can Tho,550000,https://cdn1.ivivu.com/iVivu/2019/03/28/17/hung-cuong-hotel.webp?o=jpg
Kim Lan Hotel,Hotel,"Nguyen An Ninh Street",3.6,Can Tho,580000,https://www.rustycompass.com/uploads/destinations/kim-lan-hotel-b-can-tho-0112-1_13860642631.jpg
Tan Phuoc 2 Hotel,Hotel,"Can Tho, Vietnam",3.4,Can Tho,500000,https://du-lich.chudu24.com/f/m/2105/18/khach-san-muong-thanh-luxury-can-tho-0.jpg
Queen Hotel,Hotel,"Can Tho, Vietnam",3.7,Can Tho,620000,https://media-cdn.tripadvisor.com/media/photo-p/22/fb/3f/85/mekong-queen-resort.jpg
Huynh Long Hotel,Hotel,"Ly Tu Trong Street",3.6,Can Tho,580000,https://pix8.agoda.net/hotelImages/401/401008/401008_121108204730624.jpg
74 Hotel,Hotel,"Can Tho, Vietnam",3.3,Can Tho,400000,https://pix6.agoda.net/hotelImages/6909078/-1/a6f2a57e9166d72f31fe6d395ee615c8.jpg?s=800x600
62 Hotel,Hotel,"Can Tho, Vietnam",3.3,Can Tho,400000,https://pix6.agoda.net/hotelImages/6909078/-1/a6f2a57e9166d72f31fe6d395ee615c8.jpg?s=800x600
Phu My Hotel,Hotel,"Can Tho, Vietnam",3.2,Can Tho,380000,https://cache.marriott.com/is/image/marriotts7prod/si-vcasi-hotel-exterior-39235:Classic-Hor
De Nui - Ca Ri De Curry - Grill And Hot Pot - Goat,Restaurant,"Group 1",4.1,Can Tho,220000,https://i.ytimg.com/vi/ddjKE487E9g/maxresdefault.jpg
Bamboo Buffet,Restaurant,"Can Tho, Vietnam",4.0,Can Tho,180000,https://img.restaurantguru.com/w550/h367/r9a6-Bamboo-Buffet-design-2024-05-2.jpg
Hoa Su Restaurant,Restaurant,"Cai Khe",3.9,Can Tho,150000,https://www.tourdulichbentre.com/images/stories/virtuemart/product/nha-hang-hoa-su-can-tho.jpg
Che Go Food & Beer,Restaurant,"Can Tho, Vietnam",4.2,Can Tho,250000,https://vemekong.com/wp-content/uploads/2021/12/can-tho-mau-than-1968-4a-768x512.jpg
Bun Ca Bao Han,Restaurant,"162/33D Airport Belt Road",4.3,Can Tho,45000,https://huongvietjp.com/wp-content/uploads/2023/08/bun-ca.jpg
Kicochi,Restaurant,"132K Nguyen Van Cu Noi Dai",4.1,Can Tho,220000,https://bepvietdecor.vn/upload/202410/31/can-tho-quan-nuong-va-lau-khong-khoi-kicochi-awlKJz.jpg
Seoul Spicy Noodles Can Tho,Restaurant,"226D 3 Thang 2 Street",4.2,Can Tho,50000,https://micayseoul.com.vn/wp-content/uploads/2024/08/Can-Tho.jpg
Co 3 Coi Hotpot And Bbq Buffet Chain,Restaurant,"Can Tho, Vietnam",4.0,Can Tho,199000,https://bepvietdecor.vn/upload/202410/31/can-tho-chuoi-buffet-lau-nuong-co-3-coi-khong-khoi-1MgTU5.jpg
Lua Nep Restaurant,Restaurant,"Can Tho, Vietnam",4.1,Can Tho,250000,https://thehoneycombers.com/singapore/wp-content/uploads/sites/2/2024/09/Lua-Nep-Restaurant-can-tho-vietnam-900x643.png
Ngoi Do Restaurant,Restaurant,"268 Nguyen Van Linh Street",3.9,Can Tho,180000,https://media-cdn.tripadvisor.com/media/photo-s/0e/75/70/9d/photo-prise-par-guy-lazignac.jpg
Sam Dua Restaurant,Restaurant,"Can Tho, Vietnam",4.0,Can Tho,200000,https://lookaside.fbsbx.com/lookaside/crawler/media/?media_id=100090115612740
Bun Bo Hue Vi Da,Restaurant,"Xo Viet Nghe Tinh Street",4.4,Can Tho,55000,https://toplist.vn/images/800px/bun-bo-hue-vi-da-1056024.jpg
Nem Nuong Thanh Van,Restaurant,"17 Hoa Binh Street",4.5,Can Tho,60000,https://media-cdn.tripadvisor.com/media/photo-s/12/a7/8a/38/nem-nu-ng-thanh-van-c.jpg
Lau Mam Da Ly,Restaurant,"Can Tho, Vietnam",4.6,Can Tho,250000,https://diachiamthuc.vn/wp-content/uploads/2023/01/Quan-lau-mam-Da-Ly-Ninh-Kieu-Can-Tho.jpg
Cafe Ngoc,Restaurant,"Can Tho, Vietnam",3.8,Can Tho,40000,https://img.restaurantguru.com/w550/h367/reed-Cafe-Ngoc-Yen-design-2024-08.jpg
Hong Phat Restaurant,Restaurant,"Can Tho, Vietnam",3.9,Can Tho,150000,https://img.restaurantguru.com/w550/h367/ra81-design-Coffee-Hong-Phat-2021-12.jpg
Sao Hom Restaurant,Restaurant,"Hai Ba Trung Street",4.2,Can Tho,300000,https://media-cdn.tripadvisor.com/media/photo-s/02/5c/8d/bc/sao-hom-part-of-the-lovely.jpg
Mekong Inn,Restaurant,"38 Hai Ba Trung Street",4.0,Can Tho,220000,https://cf.bstatic.com/xdata/images/hotel/max1024x768/643458739.jpg?k=60b536a88b6bf8d152e31a2f117828d73377ae50d9582244ccdddddc4a1f12e8&o=&hp=1
Nam Bo Restaurant,Restaurant,"50 Hai Ba Trung Street",4.1,Can Tho,250000,https://dynamic-media-cdn.tripadvisor.com/media/photo-o/0e/bf/07/9d/photo-prise-par-guythu.jpg?w=1200&h=-1&s=1
Cafe Dong Tay,Restaurant,"138",3.9,Can Tho,45000,https://c8.alamy.com/comp/2WMYBDF/vietnam-mekong-delta-can-tho-the-lighthouse-caf-and-restaurant-2WMYBDF.jpg
Chao Long Vit Xiem,Restaurant,"Alley 95",4.0,Can Tho,40000,https://blogger.googleusercontent.com/img/b/R29vZ2xl/AVvXsEjj1BOhBMWSHXFx5VihFpv78PCs6Q87UXpOnqNTDIKy06D-lkRvuE1WfLaoRYogvnzgzKlwHgMhijwNF1JqygrlB9QURSY4Aj577BeMBbN6mzADFT5ywWecUcgh-b4UsMeBuSftdj_-qv4/s1600/Mon+Ngon+Can+Tho+-+Vit+Xiem+Nuong+Dat+Set+4.jpg
Spices Restaurant,Restaurant,"Can Tho, Vietnam",4.2,Can Tho,280000,https://media-cdn.tripadvisor.com/media/photo-s/11/c9/89/69/spices-restaurant.jpg
Bach Thao Vegetarian Restaurant,Restaurant,"De Tham Street",4.3,Can Tho,50000,https://images.happycow.net/venues/1024/67/89/hcmp67891_235911.jpeg
Kim Thanh Restaurant,Restaurant,"Can Tho, Vietnam",3.8,Can Tho,120000,https://img.restaurantguru.com/ce25-Fast-food-Kim-Thanh-Chinese-Takeaway-food.jpg
Cay Me - Beer,Restaurant,"Can Tho, Vietnam",3.9,Can Tho,100000,https://img.restaurantguru.com/w550/h367/r219-interior-Banh-Uot-Cay-Me-Store-2024-05.jpg
Quan 134 Menu,Restaurant,"Can Tho, Vietnam",3.7,Can Tho,150000,https://menu.restaurantguru.com/m5/menu-Quan-an-134-Phan-Dinh-Phung.jpg
Pad Thai Tomato,Restaurant,"Can Tho, Vietnam",4.2,Can Tho,80000,https://media-cdn.tripadvisor.com/media/photo-p/19/99/a4/e1/best-taste-and-best-service.jpg
Khai Truong Restaurant,Restaurant,"Nguyen Van Cu Street",3.8,Can Tho,120000,https://asset.heorungcantho.com/images/product/092023/481f633b-5abb-4ec7-8177-a6c7b24414bd.jpg
Pho 586,Restaurant,"D1-48 Road 47",4.0,Can Tho,55000,https://lookaside.fbsbx.com/lookaside/crawler/media/?media_id=879050950894995
Bbq Street,Restaurant,"Can Tho, Vietnam",4.1,Can Tho,200000,https://c8.alamy.com/comp/2WMYBA8/vietnam-mekong-delta-can-tho-barbecue-chicken-restaurant-2WMYBA8.jpg
Da Chau Restaurant,Restaurant,"Can Tho, Vietnam",3.7,Can Tho,100000,https://img.restaurantguru.com/ca87-Can-Tho-Vietnamese-and-Chinese-Restaurant-Belconnen-food-3.jpg?@m@t@s@d
A Tai Restaurant,Restaurant,"Can Tho, Vietnam",3.6,Can Tho,80000,https://media-cdn.tripadvisor.com/media/photo-s/19/99/a4/e1/best-taste-and-best-service.jpg
An Ca Loc,Restaurant,"Tran Van Hoai Street",4.3,Can Tho,120000,https://img.restaurantguru.com/c446-Restaurant-Quan-Ca-Loc-An-seafood.jpg
Sushi Sakura,Restaurant,"Can Tho, Vietnam",4.4,Can Tho,350000,https://media-cdn.tripadvisor.com/media/photo-m/1280/16/a3/81/84/sushi-sakura-restaurant.jpg
Itada Restaurant,Restaurant,"Can Tho, Vietnam",3.8,Can Tho,220000,https://media-cdn.tripadvisor.com/media/photo-s/0f/7d/ea/cb/photo-prise-par-guythu.jpg
Omega Restaurant,Restaurant,"Can Tho, Vietnam",3.7,Can Tho,150000,https://img.restaurantguru.com/c5cc-Restaurant-Omega-3-thang-2-food.jpg
Lau Mam Restaurant,Restaurant,"Can Tho, Vietnam",4.1,Can Tho,200000,https://luhanhvietnam.com.vn/du-lich/vnt_upload/news/06_2023/lau_mam_can_tho_mien_tay.jpg
102 Restaurant,Restaurant,"Can Tho, Vietnam",3.9,Can Tho,180000,https://img.restaurantguru.com/c02e-Can-Tho-Vietnamese-and-Chinese-Restaurant-dishes-2.jpg
Name,Type,Address,Ratings,Location,Price,Image
Silk Path Grand Hue Hotel,Hotel,"2 Le Loi",5.0,Hue,2800000,https://www.myoverseaswedding.com/wp-content/uploads/silk-path-grand-hue-hotel-spa/featuredimage/SPGH-overview.jpg
Royal Crest Hotel,Hotel,"Hue, Vietnam",3.5,Hue,650000,https://dynamic-media-cdn.tripadvisor.com/media/photo-o/14/9d/3a/a0/toan-c-nh-khach-s-n.jpg?w=700&h=-1&s=1
Thanh Lich Royal Boutique,Hotel,"33 Hai Ba Trung",4.0,Hue,1200000,https://thanhlichroyalboutiquehotel.com/wp-content/uploads/2023/10/Thanh-Lich-Royal-Boutique-Hue-Hotel-4.jpg
Meliá Vinpearl Hue,Hotel,"50A Hung Vuong",5.0,Hue,2500000,https://dynamic-media-cdn.tripadvisor.com/media/photo-o/26/ae/df/7a/melia-vinpearl-hue.jpg?w=700&h=-1&s=1
Golden Star Villa,Hotel,"49 Nguyen Hoang",3.8,Hue,850000,https://media-cdn.tripadvisor.com/media/photo-s/26/a1/91/3b/garden-view.jpg
Indochine Palace,Hotel,"105A Hung Vuong",5.0,Hue,2300000,https://ticotravel.com.vn/wp-content/uploads/2022/03/khach-san-indochine-hue-7.jpg
Azerai La Residence,Hotel,"5 Le Loi",5.0,Hue,4800000,https://www.i-escape.com/image/hotel/azerai-la-residence-hue/overview/201259.jpg
Imperial Hotel,Hotel,"Hue, Vietnam",5.0,Hue,2100000,https://imperialhue.vn-hotel.com/data/Photos/OriginalPhoto/14411/1441164/1441164088/photo-hue-80.JPEG
Hong Thien Ruby Hotel,Hotel,"35/12 Chu Van An",3.0,Hue,550000,https://dynamic-media-cdn.tripadvisor.com/media/photo-o/06/41/4d/07/hong-thien-ruby-hotel.jpg?w=700&h=-1&s=1
Camellia Hotel,Hotel,"57-59 Ben Nghe",4.0,Hue,950000,https://discoveryindochina.com/wp-content/uploads/Camellia-_Hue_-Hotel.jpg
Canary Boutique Hotel,Hotel,"8/43 Nguyen Cong Tru",3.5,Hue,750000,https://a.hwstatic.com/image/upload/f_auto,q_auto,t_30/propertyimages/8/82681/6.jpg
Beaulieu Boutique Hotel,Hotel,"15 Pham Ngu Lao",3.5,Hue,800000,https://www.myfiveacres.com/wp-content/uploads/2019/04/beaulieu-hotel-hue-vietnam.jpg
The Scarlett Boutique Hotel,Hotel,"Hue, Vietnam",4.2,Hue,1400000,https://www.thescarletthotels.com/wp-content/uploads/2017/05/2017-2-scarlett-boutique-hotel.jpg
Soleil Boutique,Hotel,"Hue, Vietnam",4.0,Hue,1100000,https://dynamic-media-cdn.tripadvisor.com/media/photo-o/26/38/59/27/soleil-boutique.jpg?w=1100&h=600&s=1
Tran Ly Hotel,Hotel,"78 Le Loi",3.0,Hue,600000,https://cf.bstatic.com/xdata/images/hotel/max1024x768/363440040.jpg?k=38ebb2e4ddbbc0692949c50fbca1c7f6d2fee5c4fa8770cd174218dbacd3a7d1&o=&hp=1
Huenino Hotel,Hotel,"14 Nguyen Cong Tru",3.0,Hue,600000,https://dynamic-media-cdn.tripadvisor.com/media/photo-o/0d/8b/80/73/huenino-hotel.jpg?w=1200&h=-1&s=1
Hong Thien 1 Hotel,Hotel,"35/6 Chu Van An",3.0,Hue,500000,https://media-cdn.tripadvisor.com/media/photo-s/03/f0/97/ef/hong-thien-hotel-2.jpg
Thai Binh 2,Hotel,"2 Luong The Vinh",2.0,Hue,400000,https://dynamic-media-cdn.tripadvisor.com/media/photo-o/11/ff/f3/d2/thai-binh-hotel-2.jpg?w=1200&h=-1&s=1
Moonlight Hotel,Hotel,"Hue, Vietnam",4.0,Hue,1300000,https://www.andoson.com/en/sites/default/files/styles/node_detail/public/hotels/hue/moonlight/Exterior-1.jpg?itok=QAM8kGwJ
Tre Xanh Hotel,Hotel,"61 Hung Vuong",2.0,Hue,350000,https://www.hoteljob.vn/uploads/images/2024/10/24/6719b76621c2c7_66628511.jpeg
Home Hotel,Hotel,"08 Nguyen Cong Tru",3.0,Hue,550000,https://dynamic-media-cdn.tripadvisor.com/media/photo-o/0d/a8/ca/b5/exterior-day-time.jpg?w=1400&h=-1&s=1
Than Thien Hotel,Hotel,"10 Nguyen Cong Tru",3.0,Hue,500000,https://dynamic-media-cdn.tripadvisor.com/media/photo-o/28/76/6e/68/caption.jpg?w=1200&h=-1&s=1
Hotel Saigon Morin,Hotel,"30 Le Loi",4.0,Hue,1800000,https://c8.alamy.com/comp/2B3KKTR/hotel-saigon-morin-hue-vietnam-2B3KKTR.jpg
Senna Hue Hotel,Hotel,"7 Nguyen Tri Phuong",5.0,Hue,2200000,https://vietnamresorts.com/media/uploads/2022/02/23/senna-hue-hotel.jpeg
Thai Son Hotel,Hotel,"Hue, Vietnam",3.0,Hue,600000,https://ticotravel.com.vn/wp-content/uploads/2023/04/Thai-Son-Luxury-Hotel-7.jpg
Gold 2 Hotel,Hotel,"41 Hung Vuong",3.0,Hue,600000,https://media-cdn.tripadvisor.com/media/photo-s/02/66/00/95/hue-gold-hotel.jpg
Nguyen Hue Hotel,Hotel,"Hue, Vietnam",3.0,Hue,550000,https://thumbs.dreamstime.com/b/nguyen-hue-walking-street-hcmc-vietnam-un-hotel-en-208038220.jpg
Century Riverside Hotel,Hotel,"Hue, Vietnam",4.0,Hue,1100000,https://dynamic-media-cdn.tripadvisor.com/media/photo-o/04/60/4d/04/century-riverside-hue.jpg?w=700&h=-1&s=1
Thang Long Hotel,Hotel,"Hue, Vietnam",3.0,Hue,550000,https://thumbs.dreamstime.com/b/temple-generations-hue-citadel-imperial-thang-long-vietnam-unesco-world-heritage-site-206872021.jpg
Gem Hotel,Hotel,"Hue, Vietnam",3.0,Hue,500000,https://joujoutravels.com/wp-content/uploads/2025/01/best-hotels-hue-vietnam.jpg
Hanh Dat Hotel,Hotel,"Hue, Vietnam",3.0,Hue,450000,https://dynamic-media-cdn.tripadvisor.com/media/photo-o/02/2e/cf/c2/hanhdathotel.jpg?w=600&h=-1&s=1
Binh Duong 1 Hotel,Hotel,"Hue, Vietnam",2.0,Hue,350000,https://dynamic-media-cdn.tripadvisor.com/media/photo-o/05/3f/a3/21/original-binh-duong-1.jpg?w=700&h=-1&s=1
Festival Hotel,Hotel,"Hue, Vietnam",3.0,Hue,500000,http://www.holidayinvietnam.com/sites/default/files/styles/vht_vlarge_720_540/public/vht/hotel/images/superior-_festival_huel.jpg?itok=7hKwKn0p
Phu An Hotel,Hotel,"Hue, Vietnam",3.0,Hue,480000,https://media-cdn.tripadvisor.com/media/daodao/photo-s/01/83/ef/1f/caption.jpg
Y Thao Garden,Restaurant,"3 Thach Han",4.5,Hue,350000,https://ik.imagekit.io/tvlk/xpe-asset/HvKslvWhmTL6CPEh6lhu+vaVk2iApxOA5yQ1zO3vIGs=/v2/image/get/w_960,c_fit,q_55,wm_auto/s1.kkday.com/product_151788/20230910133455_EIsEk/jpg?_src=imagekit&tr=c-at_max,h-500,q-60,w-740
Les Jardin De La Carambole,Restaurant,"32 Dang Tran Con",4.4,Hue,450000,https://media-cdn.tripadvisor.com/media/photo-s/02/76/08/c5/filename-img-4439-as.jpg
Pallet Restaurant,Restaurant,"7/34 Nguyen Tri Phuong",4.1,Hue,200000,https://menu.restaurantguru.com/m4/Pallet-Am-thuc-Sinh-thai-menu.jpg
Little Italy,Restaurant,"10 Nguyen Thai Hoc",4.3,Hue,250000,https://media-cdn.tripadvisor.com/media/photo-s/2a/c9/3b/c6/21-years-the-first-italian.jpg
Ancient Hue Royal Cuisine,Restaurant,"104/47 Kim Long",4.6,Hue,500000,https://khamphahue.com.vn/Portals/0/Medias/Nam2023/T5/Khamphahue_AncientHueGardenHouses.jpg
Brick Cafe,Restaurant,"22 Nguyen Cong Tru",4.0,Hue,80000,https://img.atlasobscura.com/Tbh4ynnIzrmG1Fl0g5vSGXvHuL75dNlEh7hyTLJxWyw/rt:fit/h:390/q:81/sm:1/scp:1/ar:1/aHR0cHM6Ly9hdGxh/cy1kZXYuczMuYW1h/em9uYXdzLmNvbS91/cGxvYWRzL3BsYWNl/X2ltYWdlcy9hNmZh/NTg5MjE4MGI4ZDQ4/NTVfSHVlQ2FmZV9B/bGV4WWVtXzIxLmpw/Zw.jpg
Madam Thu,Restaurant,"45 Vo Thi Sau",4.5,Hue,200000,http://alotravelasia.com/wp-content/uploads/2020/03/Hue_traditional_food_restaurant_Madam_Thu.jpg
Che Thai Trang Trang,Restaurant,"99 Phan Dinh Phung",4.2,Hue,40000,https://toplist.vn/images/800px/che-thai-trang-trang-1285353.jpg
Olab Farm,Restaurant,"9A Ngo Thoi Nham",4.3,Hue,100000,https://media-cdn-v2.laodong.vn/Storage/NewsPortal/2020/4/29/802104/Ca-Phe-1-01.jpg
Di Nhien Tea House,Restaurant,"3 Nguyen Thien Thuat",4.4,Hue,80000,https://alltop.vn/backend/media/images/posts/657/Di_Nhien_Tra_That-63382.jpg
7M Restaurant,Restaurant,"02 Vo Thi Sau",4.0,Hue,150000,https://l450v.alamy.com/450v/2bx4mhm/restaurant-vo-thi-sau-street-hue-vietnam-2bx4mhm.jpg
Phinholic,Restaurant,"65 Ben Nghe",4.1,Hue,60000,https://www.cotrang.org/public/images/tin_dang/2/127_phiholic-65-ben-nghe-bk-12.jpg
Happy Land,Restaurant,"20 To Huu",4.0,Hue,300000,https://nhahanghappyland.com/wp-content/uploads/2023/12/1A4A0012.jpg
Tan.,Restaurant,"86 Dinh Tien Hoang",4.2,Hue,200000,https://media-cdn.tripadvisor.com/media/photo-s/0a/bf/0e/43/photo0jpg.jpg
Le Parfum,Restaurant,"5 Le Loi",4.6,Hue,400000,https://vietnamevasion.com/wp-content/uploads/2021/10/le-parfum-1.jpg
Club Garden,Restaurant,"8 Vo Thi Sau",4.1,Hue,250000,https://izitour.com/media/ckeditor/best-restaurants-hue.webp
Tropical Garden,Restaurant,"27 Chu Van An",4.2,Hue,280000,http://www.asiamastertours.com/wp-content/uploads/2019/08/hue-11-min-1024x768.jpg
Stop & Go Cafe,Restaurant,"3 Hung Vuong",4.0,Hue,70000,https://www.jsonline.com/gcdn/presto/2022/05/16/PMJS/fda02fb4-b443-4d8a-bc40-cb38d5d151aa-hue-biggermural.jpeg
Lick N Bite,Restaurant,"20 Nguyen Tri Phuong",4.1,Hue,120000,https://lookaside.fbsbx.com/lookaside/crawler/media/?media_id=483192237320146
Bep Nha Hien,Restaurant,"15A Le Quy Don",4.3,Hue,180000,https://lookaside.fbsbx.com/lookaside/crawler/media/?media_id=1353095686823065
Hot Tuna,Restaurant,"37 Vo Thi Sau",4.0,Hue,200000,https://i.ytimg.com/vi/iY1iWYvGqGY/maxresdefault.jpg
Huong Ngu,Restaurant,"33 Hai Ba Trung",4.2,Hue,300000,https://media-cdn.tripadvisor.com/media/photo-s/2b/af/31/da/v-i-mau-s-c-ch-d-o-la.jpg
Spice Viet,Restaurant,"15 Ly Thuong Kiet",4.4,Hue,250000,https://spiceviet.com/media/ckfinder/images/Restaurant/1/SpiceViet_Hue8095/2.png
Banh Beo Ba Do,Restaurant,"Nguyen Binh Khiem",4.5,Hue,100000,https://www.cotrang.org/public/images/tin_dang/2/201_do-an-nha-hang-ba-do-08-nguyen-binh-khiem-hue-bk-5.jpg
Com Ong Chu,Restaurant,"Hue, Vietnam",4.1,Hue,150000,https://authentikvietnam.com/media/ckeditor/restaurant-hue-lien-hoa.jpg
Hoang Truc,Restaurant,"Hue, Vietnam",4.0,Hue,100000,https://img.restaurantguru.com/w550/h367/rd8f-Hoang-Truc-Vien-Cafe-picture.jpg
Vuon Dao,Restaurant,"Hue, Vietnam",4.0,Hue,120000,https://lookaside.fbsbx.com/lookaside/crawler/media/?media_id=101583964648721
Risotto,Restaurant,"14 Nguyen Cong Tru",4.3,Hue,250000,https://thetravellingsquid.com/wp-content/uploads/2018/04/IMG_0945.jpg
Chao Bo Dap Da,Restaurant,"5 Nguyen Cong Tru",4.2,Hue,80000,https://statics.vinpearl.com/chao-bo-hue-1_1702470161.jpg
Viet Village,Restaurant,"Hue, Vietnam",4.1,Hue,220000,https://img3.restaurantguru.com/c874-Viet-Village-Bar-and-Restaurant-tp-Hue-interior.jpg
Hung Vuong Inn,Restaurant,"20 Hung Vuong",4.0,Hue,150000,https://dynamic-media-cdn.tripadvisor.com/media/photo-o/01/f9/e1/f2/facade.jpg?w=500&h=300&s=1
Phuc Hung,Restaurant,"Hue, Vietnam",4.1,Hue,180000,https://hotel84.com/hotel84-images/news/img1/nha-hang-hue.jpg
De Men BBQ,Restaurant,"Hue, Vietnam",4.2,Hue,250000,https://lookaside.fbsbx.com/lookaside/crawler/media/?media_id=782475714179785
Tai Phu,Restaurant,"2-4 Dien Bien Phu",4.3,Hue,120000,https://media-cdn.tripadvisor.com/media/photo-s/0b/64/a0/fa/tai-phu-2.jpg
Vinpearl Ha Long Resort,Resort,"Ha Long, Vietnam",5.0,Ha Long,4500000,https://statics.vinpearl.com/vinpearl-resort-&-spa-ha-long-2_1715099820.jpg
Royal Ha Long,Hotel,"Ha Long, Vietnam",4.0,Ha Long,1800000,https://royalhalonghotel.com/wp-content/uploads/2023/05/Royal-Ha-Long-slider-01-2048x1366.jpg
Muong Thanh Grand Ha Long,Hotel,"Ha Long, Vietnam",4.0,Ha Long,1500000,https://booking.muongthanh.com/images/hotels/hotels/original/ban-ngay-01_1677060612.jpg
Muong Thanh Luxury Quang Ninh,Hotel,"Ha Long, Vietnam",4.5,Ha Long,2100000,https://dynamic-media-cdn.tripadvisor.com/media/photo-o/24/a7/16/74/muong-thanh-luxury-ha.jpg?w=700&h=-1&s=1
Novotel Ha Long,Hotel,"Ha Long, Vietnam",4.5,Ha Long,2800000,https://ak-d.tripcdn.com/images/1mc3o12000cy6htjk73EB_R_960_660_R5_D.jpg
Ha Long Pearl,Hotel,"Ha Long, Vietnam",4.0,Ha Long,1400000,https://ticotravel.com.vn/wp-content/uploads/2022/03/HA-LONG-PEARL-2-2.jpg
BMC Thang Long,Hotel,"Ha Long, Vietnam",3.0,Ha Long,850000,https://lookaside.fbsbx.com/lookaside/crawler/media/?media_id=100067451280988
Van Hoa Hotel,Hotel,"Ha Long, Vietnam",3.0,Ha Long,750000,https://cf.bstatic.com/xdata/images/hotel/max1024x768/478514826.jpg?k=c4f591ab13f1ed611941fd5884b601bed2e4ba1295194931c153a63bed943657&o=&hp=1
Halong Plaza,Hotel,"Ha Long, Vietnam",4.0,Ha Long,1600000,https://motortrip.vn/wp-content/uploads/2022/04/halong-plaza-hotel-16.jpg
Van Nam Hotel,Hotel,"Vuon Dao, Bai Chay",3.0,Ha Long,600000,https://cf.bstatic.com/xdata/images/hotel/max1024x768/340314986.jpg?k=843ec8ad1565a840ba378cc41cc362f816d4962a99e9213de9bcf22b7b64ff10&o=&hp=1
Koc Moc Hotel,Hotel,"40 Hoang Dieu",2.0,Ha Long,450000,https://cf.bstatic.com/xdata/images/hotel/max1024x768/554271944.jpg?k=55b2631fe3c0cb749d8487e4be36bdb797ab2d31cf4e9c01a8fecc063713f482&o=&hp=1
Ha Gia Hotel,Hotel,"Ha Long, Vietnam",2.0,Ha Long,500000,https://dynamic-media-cdn.tripadvisor.com/media/photo-o/29/cd/47/11/the-yacht-hotel-by-dc.jpg?w=700&h=-1&s=1
Thien Tan Hotel,Hotel,"Ha Long, Vietnam",2.0,Ha Long,450000,https://media-cdn.tripadvisor.com/media/photo-p/16/e3/f1/91/photo0jpg.jpg
Paris Hotel,Hotel,"Ha Long, Vietnam",3.0,Ha Long,700000,https://trekkingtoursapa.com/wp-content/uploads/2024/02/hotels-in-ha-long-bay-vietnam-1.webp
Bella Hotel,Hotel,"Ha Long, Vietnam",3.0,Ha Long,650000,https://media.radissonhotels.net/image/radisson-blu-hotel-ha-long-bay/exterior/16256-176443-f84112425_4k.jpg?impolicy=HomeHero
Gold Mark,Hotel,"Ha Long, Vietnam",3.5,Ha Long,800000,https://lookaside.fbsbx.com/lookaside/crawler/media/?media_id=916481136941956
Hung Vuong Hotel,Hotel,"41 Duong 25/4",2.0,Ha Long,400000,https://media-cdn.tripadvisor.com/media/photo-p/1c/af/d0/f7/super-friendly-cozy-hotel.jpg
Bai Tho Hotel,Hotel,"Ha Long, Vietnam",3.0,Ha Long,600000,https://imgcy.trivago.com/c_fill,d_dummy.jpeg,e_sharpen:60,f_auto,h_534,q_40,w_800/partner-images/c1/5b/aefa0a25f7ace81ca9eea8abaefae14e5de0b4978bd9315242701c33f8a8.jpeg
Minalo Hotel,Hotel,"18 Thanh Nien",3.0,Ha Long,550000,https://static.wixstatic.com/media/621277_8cafd2c2e9764b65bd4c64fe9983416a~mv2.jpg/v1/fill/w_785,h_475,al_c/621277_8cafd2c2e9764b65bd4c64fe9983416a~mv2.jpg
An Villa,Hotel,"TT7.07",3.5,Ha Long,1200000,https://cf.bstatic.com/xdata/images/hotel/max1024x768/549758602.jpg?k=d2c5ea2ecb28037867b601425f1d704d244093fc421dd7a732a5a736187aa2d4&o=
Prosperity Hotel,Hotel,"Ha Long, Vietnam",3.0,Ha Long,750000,https://leadtravel.com.vn/wp-content/uploads/2021/07/prosperity-hotel.jpg
Jayden Hotel,Hotel,"Ha Long, Vietnam",3.0,Ha Long,700000,https://dynamic-media.tacdn.com/media/vr-splice-j/0b/9c/c7/2d.jpg?w=600&h=-1
Pasan Hotel,Hotel,"Ha Long, Vietnam",3.0,Ha Long,650000,https://static.wixstatic.com/media/621277_8cafd2c2e9764b65bd4c64fe9983416a~mv2.jpg/v1/fill/w_785,h_475,al_c/621277_8cafd2c2e9764b65bd4c64fe9983416a~mv2.jpg
Wyndham Garden Halong,Hotel,"Ha Long, Vietnam",5.0,Ha Long,2800000,https://www.wyndhamhotels.com/content/dam/property-images/en-us/gn/vn/others/halong/58878/58878_exterior_view_2.jpg?downsize=720:*
Vincent Hotel,Hotel,"Ha Long, Vietnam",4.0,Ha Long,1100000,https://owa.bestprice.vn/images/hotels/large/vincent-ha-long-hotel-646b272db83b1-848x477.jpg
Soleil Wyndham Halong,Hotel,"Ha Long, Vietnam",5.0,Ha Long,3100000,https://www.wyndhamhotels.com/content/dam/property-images/en-us/tq/vn/others/halong/56996/56996_exterior_view_1.jpg
Chala De Villa,Hotel,"C5-09",3.5,Ha Long,1500000,https://cf.bstatic.com/xdata/images/hotel/max1024x768/549758602.jpg?k=d2c5ea2ecb28037867b601425f1d704d244093fc421dd7a732a5a736187aa2d4&o=
Buu Dien Hotel,Hotel,"Ha Long, Vietnam",3.0,Ha Long,600000,https://www.duthuyen-halong.com/sites/t/to/tourduthuyenhalong/uploads/ckfinder/images/buu-dien-hotel-halong.JPG
Ha Long Palace Hotel,Hotel,"Ha Long, Vietnam",4.0,Ha Long,1400000,https://q-xx.bstatic.com/xdata/images/hotel/840x460/139479091.jpg?k=99766b15cbedb30d9c3709a50f67b5bfe9d99fd47f31a66c4964d4b31c928ace&o=
Marina Hotel,Hotel,"Ha Long, Vietnam",3.0,Ha Long,800000,https://i.travelapi.com/lodging/34000000/33760000/33757600/33757542/c0db2b14_z.jpg
Crown Hotel,Hotel,"Ha Long, Vietnam",3.0,Ha Long,750000,https://blogger.googleusercontent.com/img/b/R29vZ2xl/AVvXsEjso3ZE4ARD4ixZTZqXV02nnT3ENpGZwDK3_hcZxKtMyFTLAn29KgXfsStWW7PsHaJg9csxqXw7E8iKvzqDyOdGyxAh_4bjlmBSHwydAhZfdMTh_1_4F-c9r_SVzoMYU4l9jTznWa76J8Y/s1600/halong-tours-3stars_1.jpg
Moon Hotel,Hotel,"Ha Long, Vietnam",3.0,Ha Long,700000,https://cdn2.vietnambooking.com/wp-content/uploads/hotel_pro/hotel_344810/ea67ee0a3a7830ccb4860264305e5c72.jpg
Galaxy Ha Long,Hotel,"Ha Long, Vietnam",3.0,Ha Long,780000,https://travel-long.com/wp-content/uploads/2020/01/Galaxy-HaLOng-Hotel-Vietnam-04.jpg
Au Lac Hotel,Hotel,"Ha Long, Vietnam",3.0,Ha Long,750000,https://pix10.agoda.net/hotelImages/685/6859644/6859644_19040214240073430135.jpg?ca=8&ce=1&s=1024x768
Huong Bien Hotel,Hotel,"Ha Long, Vietnam",2.0,Ha Long,450000,https://cf.bstatic.com/xdata/images/hotel/max1024x768/680620754.jpg?k=f5e7daf61e2846ebc22e4e93338308317112625147fe42377b704c2f83523333&o=
Sai Gon Ha Long,Hotel,"Ha Long, Vietnam",4.0,Ha Long,1500000,https://saigonhalonghotel.com/wp-content/uploads/2019/06/Copy-of-1.-Outside-_-Main-Building-day.jpg
Wyndham Legend Halong,Hotel,"Ha Long, Vietnam",5.0,Ha Long,3200000,https://ticotravel.com.vn/wp-content/uploads/2021/08/wyndham-legend-ha-long-5.1-1024x682.jpg
The Yacht,Hotel,"Ha Long, Vietnam",4.0,Ha Long,1300000,https://dynamic-media-cdn.tripadvisor.com/media/photo-o/29/cd/47/11/the-yacht-hotel-by-dc.jpg?w=700&h=-1&s=1
Buffet Sen A Dong,Restaurant,"1 Ha Long Road",4.0,Ha Long,380000,https://media.mia.vn/uploads/blog-du-lich/nha-hang-sen-a-dong-ha-long-buffet-hai-san-sang-xin-min-9-1642567790.jpg
Rock House Pizza,Restaurant,"12 Van Lang",4.2,Ha Long,250000,https://static.riviu.vn/image/2020/07/17/daf9965a10e84be4b21c2576d96e7ab8.jpg
Phuong Nam Restaurant 2,Restaurant,"LV2-03 Sun Premier Village",4.1,Ha Long,400000,https://quangninhtop.com/wp-content/uploads/2024/01/nha-hang-ngoc-phuong-nam.webp
Hong Hanh 3 Restaurant,Restaurant,"50 Ha Long Road",4.4,Ha Long,450000,https://sonbetongconpa.vn/wp-content/uploads/2024/06/nha-hang-hong-hanh-3.jpg
Freshie,Restaurant,"Tran Quoc Nghien",4.1,Ha Long,150000,https://media.mia.vn/uploads/blog-du-lich/freshie-food-drinks-ha-long-quan-ca-phe-ma-xinh-muon-xiu-luon-ha-5-1641814105.jpg
Phuong Nam Restaurant 1,Restaurant,"Do Si Hoa",4.0,Ha Long,400000,https://onevivu.vn/wp-content/uploads/2023/02/khong-gian-nha-hang.jpg
Bien 14 Restaurant,Restaurant,"N18 Ha Long Road",3.9,Ha Long,350000,https://tripmap.vn/wp-content/uploads/2023/06/nha-hang-bien-14-buffet-hai-san-cs-1-1687321152636.jpg
Pizza Hut,Restaurant,"2-4 Cang Moi",4.0,Ha Long,200000,https://lookaside.fbsbx.com/lookaside/crawler/media/?media_id=1046276240877218
Dong Nam Restaurant,Restaurant,"Ha Long, Vietnam",3.8,Ha Long,300000,https://lookaside.fbsbx.com/lookaside/crawler/media/?media_id=100066723127356
14 Pizza Halong,Restaurant,"17 Le Van Luong",4.1,Ha Long,220000,https://lh3.googleusercontent.com/p/AF1QipNgWRsp-cI0M9t9jphDSjvyysbhFckmNAJqgunJ=s680-w680-h510
Mai Ly Restaurant,Restaurant,"Ha Long, Vietnam",3.8,Ha Long,250000,https://img.restaurantguru.com/w550/h367/r36f-Nha-Hang-Mai-Ly-design-2021-12-1.jpg
Dau Co Viet,Restaurant,"Ha Long, Vietnam",4.0,Ha Long,180000,https://trekkingtoursapa.com/wp-content/uploads/2024/02/ha-long-bay-vietnamese-restaurant-1.webp
Cua Vang Restaurant,Restaurant,"Ha Long, Vietnam",4.3,Ha Long,500000,https://culinaryvietnam.com/wp-content/uploads/2014/08/halong-cua-vang-restaurant-1.jpg
Son Doong Restaurant,Restaurant,"Ha Long, Vietnam",4.1,Ha Long,280000,https://media.mia.vn/uploads/blog-du-lich/huong-vi-dam-da-cua-nhung-mon-an-viet-tai-nha-hang-son-doong-ha-long-02-1642388075.jpg
The Bay Restaurant,Restaurant,"Ha Long, Vietnam",4.2,Ha Long,350000,https://trekkingtoursapa.com/wp-content/uploads/2024/02/ha-long-bay-vietnamese-restaurant-1.webp
Hang 86 Restaurant,Restaurant,"Ha Long, Vietnam",3.9,Ha Long,300000,https://img.restaurantguru.com/c09a-Restaurant-Nha-hang-Hang-86-food.jpg
Dao Dua Restaurant,Restaurant,"1 Ky Quan Road",4.0,Ha Long,250000,https://lookaside.fbsbx.com/lookaside/crawler/media/?media_id=122163261710362308
Ga Hai San,Restaurant,"Ha Long Road",4.1,Ha Long,320000,https://vivuhalong.com/wp-content/uploads/2025/04/Nha-hang-ga-hai-san-ha-long-2.jpg
Bia Tam Hung 2,Restaurant,"Le Thanh Tong",3.8,Ha Long,150000,https://tripmap.vn/wp-content/uploads/2024/05/quan-bia-tam-hung-1714550019160.jpg
Hoai Thu Restaurant,Restaurant,"Ha Long, Vietnam",3.8,Ha Long,220000,https://img.restaurantguru.com/w550/h367/rb34-design-Nha-hang-Hoai-Thu-2-2024-05-3.jpg
An Phat Restaurant,Restaurant,"Ha Long, Vietnam",4.0,Ha Long,280000,https://img.restaurantguru.com/w550/h367/r110-Nha-Hang-An-Phat-photo.jpg
Ho Co Tien Palace,Restaurant,"Ha Long, Vietnam",4.2,Ha Long,350000,https://img.restaurantguru.com/w550/h367/rfbf-interior-Ho-Co-Tien-Palace.jpg
Anh Duong Restaurant,Restaurant,"Ha Long, Vietnam",4.0,Ha Long,250000,https://img.restaurantguru.com/w550/h367/rcc8-Bun-Hai-San-Anh-Duong-interior.jpg
Ha Long 1 Restaurant,Restaurant,"Ha Long, Vietnam",4.1,Ha Long,300000,https://statics.vinpearl.com/ha-long-bay-restaurants-12_1677596610.jpg
Thuan Loi 2 Restaurant,Restaurant,"Ha Long, Vietnam",3.9,Ha Long,280000,https://img.restaurantguru.com/w550/h367/rda9-NHA-HANG-THUAN-LOI-2-design.jpg
Cay Quan,Restaurant,"Ha Long, Vietnam",3.8,Ha Long,200000,https://img.restaurantguru.com/w550/h367/recc-Quan-Cay-Xanh-design-2024-05-3.jpg
Rau Ma,Restaurant,"Ha Long, Vietnam",4.0,Ha Long,150000,https://lookaside.fbsbx.com/lookaside/crawler/media/?media_id=100076256892463
Sapa Luxury Hotel,Hotel,"161 Thach Son",3.5,Sapa,850000,https://trekkingtoursapa.com/wp-content/uploads/2023/02/sapa-hotel-21-750x600.png
Grand View Sapa,Hotel,"Sapa, Vietnam",3.0,Sapa,750000,https://pix10.agoda.net/hotelImages/391/391661/391661_14031315000018684375.jpg?s=1024x768
Royal View Hotel,Hotel,"Sapa, Vietnam",3.0,Sapa,700000,https://res.cloudinary.com/vpt/image/upload/v1702185064/hotel-sapa-vietnam.jpg
Grand Blue Hotel,Hotel,"Sapa, Vietnam",3.5,Sapa,900000,https://cf.bstatic.com/xdata/images/hotel/max1024x768/596256348.jpg?k=b8bbdb860ca0d10c09911033a5d7122640eb90a5a46939fb3cdee29b1f63bd13&o=&hp=1
Muong Thanh Sapa Hotel,Hotel,"44 Ngu Chi Son",4.0,Sapa,1500000,https://discoveryindochina.com/wp-content/uploads/muong_thanh_sapa.jpg
Four Seasons Hotel,Hotel,"Sapa, Vietnam",3.0,Sapa,750000,https://dynamic-media-cdn.tripadvisor.com/media/photo-o/0f/3a/83/27/four-seasons-hotel.jpg?w=1200&h=-1&s=1
Elegance Hotel,Hotel,"Sapa, Vietnam",3.0,Sapa,700000,https://izitour.com/media/ckeditor/migliori-hotel-sapa-elegance.webp
Chapa Dew Boutique Hotel,Hotel,"Cau May",3.5,Sapa,850000,https://dynamic-media-cdn.tripadvisor.com/media/photo-o/0b/db/73/b5/chapa-dew-boutique-hotel.jpg?w=1400&h=-1&s=1
My Gallery Boutique Hotel,Hotel,"Sapa, Vietnam",3.5,Sapa,880000,https://dynamic-media-cdn.tripadvisor.com/media/photo-o/1a/af/80/a3/getlstd-property-photo.jpg?w=700&h=-1&s=1
Stella Boutique Hotel,Hotel,"Sapa, Vietnam",3.5,Sapa,900000,https://dynamic-media-cdn.tripadvisor.com/media/photo-o/2e/c7/ac/81/caption.jpg?w=1400&h=800&s=1
Victoria Sapa Resort,Hotel,"Sapa, Vietnam",4.5,Sapa,3200000,https://c8.alamy.com/comp/DGE9DM/the-victoria-sapa-resort-and-spa-exterior-and-gardens-in-sapa-vietnam-DGE9DM.jpg
Sapa Queen Hotel,Hotel,"9 Muong Hoa",3.0,Sapa,650000,https://cf.bstatic.com/xdata/images/hotel/max1024x768/120276106.jpg?k=d1f376f7798bfbd1f056a0ef42474d870e0c02de6d18f3a4a9ad9e74f43a8570&o=&hp=1
Q Sapa Hotel,Hotel,"Sapa, Vietnam",3.0,Sapa,700000,https://cf.bstatic.com/xdata/images/hotel/max1024x768/257483619.jpg?k=adca9151fbcc897e126e3d80c6afdfb72d76d91786af07e05c0b13c1311740d6&o=&hp=1
Sapa Dragon Hotel,Hotel,"Sapa, Vietnam",3.5,Sapa,850000,https://sapanomad.com/wp-content/uploads/Sapa-Dragon-Hotel-1.webp
Hotel de la Coupole - MGallery,Hotel,"1 Hoang Lien",5.0,Sapa,5500000,https://d2e5ushqwiltxm.cloudfront.net/wp-content/uploads/sites/172/2018/12/21091835/Exterior_5.jpg
North Star Hotel,Hotel,"Sapa, Vietnam",3.0,Sapa,700000,https://images.trvl-media.com/lodging/93000000/93000000/93000000/92999937/aaa4b2e3.jpg?impolicy=resizecrop&rw=598&ra=fit
Cha Pa Garden,Hotel,"Sapa, Vietnam",3.0,Sapa,650000,https://dynamic-media-cdn.tripadvisor.com/media/photo-o/02/01/aa/d3/part-of-our-garden-with.jpg?w=700&h=-1&s=1
Sapa Horizon Hotel,Hotel,"18 Pham Xuan Huan",4.0,Sapa,1600000,https://sapanomad.com/wp-content/uploads/Sapa-Horizon-Hotel-1.jpg
Bamboo Sapa Hotel,Hotel,"Sapa, Vietnam",4.0,Sapa,1800000,https://i1.wp.com/www.goexplorevietnam.com/wp-content/uploads/2021/06/Bamboo-Sapa-Hotel-Solarium.jpeg?fit=1024,684&ssl=1
Thu Ha Hotel,Hotel,"28 Sapa",2.0,Sapa,400000,https://localvietnam.com/wp-content/uploads/2021/03/sapa-accommodation.jpg
Viet - Anh Hotel,Hotel,"Sapa, Vietnam",2.0,Sapa,450000,https://www.dongtravel.com/files/blog/9/hotel-sapa.jpg
Riverside II Hotel,Hotel,"18 Ngu Chi Son",2.5,Sapa,500000,https://media-cdn.tripadvisor.com/media/photo-s/06/bc/4d/f1/riverside-sapa-hotel.jpg
Sapa Eco-Home,Hotel,"75 Xuan Vien",3.0,Sapa,600000,https://media.mia.vn/uploads/blog-du-lich/sapa-eco-home-mountain-retreat-sapa-noi-nghi-duong-nga-nghieng-long-nguoi-o-sapa-01-1623831424.jpg
Thanh Son Hotel,Hotel,"Xuan Vien",2.0,Sapa,400000,https://res.cloudinary.com/vpt/image/upload/v1702185064/hotel-sapa-vietnam.jpg
Anh Tuan Hotel,Hotel,"51 Xuan Vien",2.0,Sapa,420000,https://media-cdn.tripadvisor.com/media/photo-s/00/1b/bb/f2/exterior-anh-tuan-hotel.jpg
Linh Trang Hotel,Hotel,"1 Thach Son",2.0,Sapa,380000,https://dynamic-media-cdn.tripadvisor.com/media/photo-o/11/15/13/4f/linh-trang-hotel.jpg?w=700&h=-1&s=1
Lan Huong Hotel,Hotel,"34 Ham Rong",2.0,Sapa,350000,https://www.dongtravel.com/files/blog/9/hotel-sapa.jpg
Viet Emotion Hotel,Hotel,"17 Xuan Vien",3.0,Sapa,550000,https://sapanomad.com/wp-content/uploads/Viet-Emotion-Sapa-1280x720.jpg
Quynh Mai Hotel,Hotel,"10 Thach Son",2.0,Sapa,400000,https://lookaside.fbsbx.com/lookaside/crawler/media/?media_id=61558816678501
Dong A Hotel,Hotel,"Sapa, Vietnam",2.0,Sapa,350000,https://trekkingtoursapa.com/wp-content/uploads/2023/02/sapa-hotel-14.png
Tung Lam Hotel,Hotel,"49 Xuan Vien",2.0,Sapa,400000,https://sapareview.com.vn/wp-content/uploads/2025/05/514664916.jpg
Bella Vista Hotel,Hotel,"25 Fansipan",3.0,Sapa,600000,https://sapanomad.com/wp-content/uploads/location-of-Sapa-Vista-Hotel.jpg
Cat Cat Hotel,Hotel,"042 Fansipan",3.0,Sapa,550000,https://dynamic-media-cdn.tripadvisor.com/media/photo-o/22/ab/64/2a/hotel-cat-cat-galerie.jpg?w=1400&h=-1&s=1
Pink Dream Hotel,Hotel,"7 Fansipan",2.0,Sapa,350000,https://q-xx.bstatic.com/xdata/images/hotel/max1280x900/574550303.jpg?k=02aa3adb362eebe8c4eb4609a76a75a2828dc0e794eacff70f5b274ab8c2aa5c&o=
Son Ha Hotel,Hotel,"25 Fansipan",2.0,Sapa,400000,https://static.travelated.com/storage/hotels3/436/436451/property/30676279991.webp?w=3840&webp.quality=75&format=webp&scale=down&mode=crop
Thanh Quyen Hotel,Hotel,"13 Fansipan",2.0,Sapa,380000,https://cf.bstatic.com/xdata/images/hotel/max1024x768/572835990.jpg?k=5b15327ce096d63a9fc6469e4ba524963c94d615ed003b908630e4cfa7746ea6&o=&hp=1
Vietnam Trade Union Hotel,Hotel,"Sapa, Vietnam",3.0,Sapa,500000,https://i.pinimg.com/736x/02/38/1d/02381d955f93ea628da68489023336ee.jpg
Thai Binh Hotel,Hotel,"Sapa, Vietnam",2.0,Sapa,400000,https://i.travelapi.com/lodging/12000000/11780000/11777300/11777216/8741a065_z.jpg
Ham Rong Hotel,Hotel,"Sapa, Vietnam",2.0,Sapa,450000,https://media.mia.vn/uploads/blog-du-lich/ham-rong-hotel-sapa-khach-san-3-sao-day-du-tien-nghi-tai-trung-tam-thi-tran-sapa-1625473928.jpg
Ha Giang Hotel,Hotel,"12 Pham Xuan Huan",2.0,Sapa,350000,https://media-cdn.tripadvisor.com/media/photo-s/28/ee/bc/1a/in-front-of-hotel.jpg
Little View Restaurant,Restaurant,"042 Cau May",4.6,Sapa,200000,https://sapanomad.com/wp-content/uploads/Little-Vietnam-Restaurant-Sapa-2.jpg
Andee Sapa Restaurant,Restaurant,"Sapa, Vietnam",4.1,Sapa,250000,https://images.happycow.net/venues/1024/34/88/hcmp348878_2483032.jpeg
Good Morning View Restaurant,Restaurant,"47 Muong Hoa",4.5,Sapa,220000,https://sapanomad.com/wp-content/uploads/Good-Morning-View-Restaurant.jpg
O Quy Ho Restaurant,Restaurant,"8 Thach Son",4.2,Sapa,300000,https://hoangviettravel.vn/wp-content/uploads/2020/03/nha-hang-o-quy-ho-sapa-04-min.jpg
Little Sapa Restaurant,Restaurant,"040 Cau May",4.3,Sapa,180000,https://media-cdn.tripadvisor.com/media/photo-s/18/9a/7e/55/indoor-2nd-floor.jpg
Le Gecko,Restaurant,"33 Xuan Vien",4.4,Sapa,200000,https://goviettrip.com/uploaded/sapa/le-gecko-sapa-min.jpg
La Casa Pizza,Restaurant,"007 Muong Hoa",4.2,Sapa,250000,https://dynamic-media-cdn.tripadvisor.com/media/photo-o/0d/aa/df/34/front-la-casa.jpg?w=1200&h=-1&s=1
Sapa TV Restaurant,Restaurant,"19 Hoang Van Thu",4.1,Sapa,300000,https://i.ytimg.com/vi/RWl-4Q37y_U/maxresdefault.jpg
Nature View,Restaurant,"Sapa, Vietnam",4.3,Sapa,250000,https://dynamic-media-cdn.tripadvisor.com/media/photo-o/1c/5a/09/89/sapa-natureview.jpg?w=1000&h=-1&s=1
Fansipan View,Restaurant,"Sapa, Vietnam",4.2,Sapa,200000,https://i.ytimg.com/vi/a507AH3sQk0/maxresdefault.jpg
Sapa View,Restaurant,"Sapa, Vietnam",4.1,Sapa,180000,https://www.dongtravel.com/files/blog/9/cafe-Sapa.jpg
Paradise View Restaurant,Restaurant,"Sapa, Vietnam",4.4,Sapa,220000,https://sapanomad.com/wp-content/uploads/Overview-of-Paradise-Restaurant-Sapa-2-1280x720.jpg
Hai Yen Restaurant,Restaurant,"12 Thach Son",4.0,Sapa,299000,https://toplist.vn/images/800px/buffet-nuong-amp-lau-tay-bac-179k-hai-yen-sa-pa-1348282.jpg
Buffet Fansipan,Restaurant,"Sapa, Vietnam",4.5,Sapa,350000,https://i.ytimg.com/vi/a507AH3sQk0/maxresdefault.jpg
Thong Dong Vegan Kitchen,Restaurant,"08B Hoang Dieu",4.6,Sapa,150000,https://media-cdn.tripadvisor.com/media/photo-m/1280/23/d2/9b/79/a-small-vegan-corner.jpg
Viet Emotion Restaurant,Restaurant,"27 Cau May",4.3,Sapa,200000,https://c8.alamy.com/compde/2b3k9e5/restaurant-viet-emotion-sa-pa-vietnam-2b3k9e5.jpg
La Roma Pizza,Restaurant,"28 Cau May",4.2,Sapa,220000,https://media-cdn.tripadvisor.com/media/photo-s/18/33/38/14/nha-hang-laroma-pizza.jpg
Delta Restaurant,Restaurant,"Sapa, Vietnam",4.0,Sapa,250000,https://allsapatravel.files.wordpress.com/2014/01/delta-restaurant-2.jpg
Moment Romantic Restaurant,Restaurant,"026B Muong Hoa",4.4,Sapa,280000,https://media-cdn.tripadvisor.com/media/photo-s/18/c3/02/27/moment-romantic-restaurant.jpg
Bia Hoi 102,Restaurant,"102 Sapa",4.0,Sapa,150000,https://img.restaurantguru.com/w550/h367/r2c1-Bia-SaPa-interior.jpg
Sapa Sympa,Restaurant,"Sapa, Vietnam",4.1,Sapa,200000,https://amajourneyasia.com/media/ckeditor/sapa-restaurant.jpg
Fansipang Restaurant,Restaurant,"23 Sapa",4.2,Sapa,180000,https://i.ytimg.com/vi/a507AH3sQk0/maxresdefault.jpg
Art House,Restaurant,"Sapa, Vietnam",4.3,Sapa,150000,https://static.wixstatic.com/media/5211fc_09328663dedb480d9092aa544c4df904~mv2.jpg/v1/fill/w_980,h_1307,al_c,q_85,usm_0.66_1.00_0.01,enc_auto/5211fc_09328663dedb480d9092aa544c4df904~mv2.jpg
Mixue Sapa,Restaurant,"Sapa, Vietnam",4.0,Sapa,30000,https://lookaside.fbsbx.com/lookaside/crawler/media/?media_id=122335470442710
Hoa Tam Restaurant,Restaurant,"Sapa, Vietnam",4.1,Sapa,200000,https://images.happycow.net/venues/1024/10/25/hcmp102518_657029.jpeg
Thuong Dinh Quan,Restaurant,"Sapa, Vietnam",4.3,Sapa,250000,https://mia.vn/media/uploads/blog-du-lich/sapa-moment-romantic-restaurant-thuong-thuc-tron-ven-dac-san-sapa-chinh-goc-6-1622562771.jpg
Good Morning Sapa,Restaurant,"Muong Hoa",4.4,Sapa,220000,https://sapanomad.com/wp-content/uploads/Good-Morning-Vietnam-1.jpg
White Cloud,Restaurant,"Fansipan Street",4.0,Sapa,200000,https://www.cotrang.org/public/images/tin_dang/5/23_white-cloud-restaurant-coffee-sapa-pk-06.jpg
Romano Pizza,Restaurant,"611 Dien Bien Phu",4.2,Sapa,250000,https://dynamic-media-cdn.tripadvisor.com/media/photo-o/09/b1/cf/ab/romano-s-pizza.jpg?w=1200&h=-1&s=1
S88 Restaurant,Restaurant,"01 Vo Thi Sau",4.1,Sapa,300000,https://buiquyet.com/wp-content/uploads/2021/01/nhà-hàng-Le-Sapa.jpg
Name,Type,Address,Ratings,Location,Price,Image
Ninh Binh Legend Hotel,Hotel,"Ninh Binh, Vietnam",4.5,Ninh Binh,1800000,https://dailytravelvietnam.com/images/2019/01/128618288-800x533.jpg
The Vissai Hotel,Hotel,"848 Tran Hung Dao",4.0,Ninh Binh,1200000,https://luxurylifestyleawards.com/wp-content/uploads/2023/08/14-2.jpg
Thuy Anh Hotel,Hotel,"Truong Han Sieu",3.0,Ninh Binh,600000,https://res.klook.com/klook-hotel/image/upload/travelapi/20000000/19540000/19538600/19538545/dcb51bc2_z.jpg
Sonavie Hotel,Hotel,"148 Dinh Dien",3.5,Ninh Binh,850000,https://lookaside.fbsbx.com/lookaside/crawler/media/?media_id=1020774463488639
Xuan Hoa Hotel 2,Hotel,"36 Chien Thang",2.0,Ninh Binh,400000,https://xuanhoaninhbinh.vn-hotel.com/data/Photos/OriginalPhoto/7494/749424/749424734/photo-ninh-binh-20.JPEG
Kinh Do Hotel,Hotel,"Ninh Binh, Vietnam",3.0,Ninh Binh,550000,https://dynamic-media-cdn.tripadvisor.com/media/photo-o/04/74/08/a2/kinh-do-hotel.jpg?w=1000&h=600&s=1
Thanh Binh Hotel,Hotel,"31 Luong Van Tuy",3.0,Ninh Binh,500000,https://media-cdn.tripadvisor.com/media/photo-s/13/cd/72/11/getlstd-property-photo.jpg
Hong Ngoc Hotel,Hotel,"Ninh Binh, Vietnam",2.0,Ninh Binh,350000,https://cf.bstatic.com/xdata/images/hotel/max1024x768/558063296.jpg?k=9b35b669b921394ad439a870b37ed6028c06e704de309ce07f6a8e3e6988c3dd&o=&hp=1
Duc An Hotel,Hotel,"Ninh Binh, Vietnam",3.0,Ninh Binh,450000,https://izitour.com/media/ckeditor/ninh-binh-hidden-charm-resort.webp
Hoa Lu Hotel,Hotel,"Ninh Binh, Vietnam",3.0,Ninh Binh,600000,https://ik.imagekit.io/tvlk/apr-asset/dgXfoyh24ryQLRcGq00cIdKHRmotrWLNlvG-TxlcLxGkiDwaUSggleJNPRgIHCX6/hotel/asset/67712954-959x719-FIT_AND_TRIM-8efe2b22b03a11f6812839776fcf602e.jpeg?tr=q-40,c-at_max,w-740,h-500&_src=imagekit
Lac Hong Hotel,Hotel,"Ninh Binh, Vietnam",3.0,Ninh Binh,550000,https://lachonghotel.vn/Content/UserFiles/LacHong/Banners/mainbanner_1-1.jpg
AIQ Hotel,Hotel,"Ly Thuong Kiet",3.0,Ninh Binh,500000,https://media-cdn.tripadvisor.com/media/photo-p/07/a6/79/41/aiq-hotel.jpg
The Vancouver Hotel,Hotel,"Ninh Binh, Vietnam",3.5,Ninh Binh,750000,https://www.asiatica-travel.es/ckfinder/userfiles/images/hotel-ninh-binh-vancouver.jpg
Ngoc Anh Hotel,Hotel,"26 Luong Van Tuy",3.0,Ninh Binh,500000,https://dynamic-media-cdn.tripadvisor.com/media/photo-o/15/52/75/f4/hotel-entrance.jpg?w=700&h=-1&s=1
Viet Huong Hotel,Hotel,"64 Hoang Hoa Tham",3.0,Ninh Binh,450000,https://cf.bstatic.com/xdata/images/hotel/max1024x768/239793697.jpg?k=91bcb1b604d61f4355ccfd4e6a10839694dc8f5c69187010703a82b78fafb908&o=&hp=1
Non Nuoc Hotel,Hotel,"Ninh Binh, Vietnam",2.0,Ninh Binh,350000,http://voyageninhbinh.com/wp-content/uploads/2013/11/Hotel-Non-Nuoc-Ninh-Binh1.jpg
Phuong Linh Hotel,Hotel,"Ninh Binh, Vietnam",2.0,Ninh Binh,300000,https://cf.bstatic.com/xdata/images/hotel/max1024x768/640961747.jpg?k=6ac9bc9e9d643304622892f8af0794a439f9a23a8fbb166d8d29fa1b76ea6650&o=&hp=1
Tam Coc Horizon Bungalow,Hotel,"Thai Vi",4.0,Ninh Binh,1200000,https://cf.bstatic.com/xdata/images/hotel/max1024x768/135926283.jpg?k=f964273e39e0c2148923743901bbcb4b97c9956741282af2e5ca739666b4390c&o=&hp=1
Trang An Valley Bungalow,Hotel,"Ninh Binh, Vietnam",3.5,Ninh Binh,950000,https://kenhhomestay.com/wp-content/uploads/2019/02/trang-an-valley-bungalow-1.jpg
Viet Nhat Hotel,Hotel,"Ninh Binh, Vietnam",3.0,Ninh Binh,500000,https://cf.bstatic.com/xdata/images/hotel/max1024x768/446935591.jpg?k=b69505451e4850414532f9e0605d9969e186c4e0ea3aebf36efecb71dbeba85a&o=&hp=1
Blue Garden,Hotel,"Ninh Binh, Vietnam",3.0,Ninh Binh,650000,https://cf.bstatic.com/xdata/images/hotel/max1024x768/245482588.jpg?k=83a9f656f8bde21040c243bace552cf626ee5057d415ed55df5435ea41e7e17f&o=
Hang Mua Lucky House,Hotel,"Khe Ha",3.0,Ninh Binh,600000,https://media-cdn.tripadvisor.com/media/photo-s/23/b2/e3/1b/khach-san.jpg
Tam Coc Papaya Villa,Hotel,"Ninh Binh, Vietnam",4.0,Ninh Binh,1100000,https://cdn2.vietnambooking.com/wp-content/uploads/hotel_pro/hotel_358110/bb82babe9314f35e555a199fbd1d9eb6.jpg
Tam Coc Peaceful Nature,Hotel,"Ninh Binh, Vietnam",3.5,Ninh Binh,900000,https://imgcy.trivago.com/c_fill,d_dummy.jpeg,e_sharpen:60,f_auto,h_627,q_auto,w_1200/partner-images/a7/be/deba64c1c57616a0b883a689b45a3c33e175b41ac46688e34caebc0c0570.jpeg
Coco Island Villa,Hotel,"Ninh Binh, Vietnam",4.0,Ninh Binh,1300000,https://www.myboutiquehotel.com/photos/119050/coco-island-villa-hotel-ninh-binh-vn-011-60368-2220x1400.jpg
Nami Stay,Hotel,"39 Nguyen Tu Man",3.0,Ninh Binh,550000,https://lookaside.fbsbx.com/lookaside/crawler/media/?media_id=61574649003471
Scenic Mountain Ecolodge,Hotel,"Ninh Binh, Vietnam",3.5,Ninh Binh,850000,https://dynamic-media-cdn.tripadvisor.com/media/photo-o/2b/ec/c9/1d/caption.jpg?w=700&h=-1&s=1
Hoang Hai Hotel,Hotel,"Ninh Binh, Vietnam",3.0,Ninh Binh,500000,https://media-cdn.tripadvisor.com/media/photo-s/14/29/bd/aa/hoang-h-i-hotel.jpg
Nha Viet Hotel,Hotel,"Ninh Binh, Vietnam",3.0,Ninh Binh,450000,https://luxurylifestyleawards.com/wp-content/uploads/2023/08/14-2.jpg
Queen Hotel,Hotel,"Ninh Binh, Vietnam",3.0,Ninh Binh,500000,https://www.anywhere.com/img-a/hotel/the-queen-hotel-ninh-binh-ninh-binh-vietnam/Queen-3-jpg?q=95&w=500&type=auto
The Valley Lodge Trang An,Hotel,"Trang An",4.0,Ninh Binh,1500000,https://cf.bstatic.com/xdata/images/hotel/max1024x768/710741535.jpg?k=4d80345351e808b7270d6e916c4d95b3f64684250e85665b13e85b205de966b9&o=&hp=1
De Nui Restaurant,Restaurant,"To 1",4.1,Ninh Binh,220000,https://i.ytimg.com/vi/ddjKE487E9g/maxresdefault.jpg
Bamboo Buffet,Restaurant,"Ninh Binh, Vietnam",4.0,Ninh Binh,180000,https://img.restaurantguru.com/w550/h367/r9a6-Bamboo-Buffet-design-2024-05-2.jpg
Trang An Riverside Garden,Restaurant,"Ninh Binh, Vietnam",4.3,Ninh Binh,250000,https://images.happycow.net/venues/1024/33/54/hcmp335407_2614328.jpeg
Rieu Cua Bap Bo,Restaurant,"117 Le Hong Phong",4.2,Ninh Binh,150000,https://vn1.vdrive.vn/nhahangtuantuvanlong.com/2023/04/Lau-rieu-cua-bap-bo-suon-sun-Van-Long-Ninh-Binh-4-1.png
Moon Garden,Restaurant,"Ninh Binh, Vietnam",4.4,Ninh Binh,200000,https://img.restaurantguru.com/w550/h367/r0ab-interior-Moon-Garden-Bar-Restaurant.jpg
Trang An Heritage Garden,Restaurant,"Ninh Binh, Vietnam",4.5,Ninh Binh,300000,https://dynamic-media-cdn.tripadvisor.com/media/photo-o/10/f4/6b/38/entrance.jpg?w=1200&h=-1&s=1
Trang An River View,Restaurant,"Ninh Binh, Vietnam",4.2,Ninh Binh,280000,https://dynamic-media-cdn.tripadvisor.com/media/photo-o/12/38/d6/75/trang-an-river-view-homestay.jpg?w=700&h=-1&s=1
Vic Travel Restaurant,Restaurant,"Ninh Binh, Vietnam",4.0,Ninh Binh,150000,https://media-cdn.tripadvisor.com/media/photo-s/1a/aa/de/f6/bun-cha-hanoi.jpg
Gimbab Restaurant,Restaurant,"Ninh Binh, Vietnam",4.1,Ninh Binh,120000,https://img.restaurantguru.com/w550/h367/rf16-KimBap-Han-Quoc-pizza.jpg
Cafe Be,Restaurant,"Ninh Binh, Vietnam",4.3,Ninh Binh,50000,https://media-cdn.tripadvisor.com/media/photo-s/09/9a/0a/50/be-cafe.jpg
Hi Korea Restaurant,Restaurant,"818 Tran Hung Dao",4.2,Ninh Binh,250000,http://haiphongtours.com/wp-content/uploads/2021/02/Hi-Korea-Restaurant-Ninh-Binh.jpg
Ben Trang An Restaurant,Restaurant,"Ninh Binh, Vietnam",4.0,Ninh Binh,180000,https://www.originvietnam.com/wp-content/uploads/Top_5_Restaurants_in_Ninh_Binh_Header.jpg
Bun Cha 734,Restaurant,"734 Nguyen Cong Tru",4.4,Ninh Binh,45000,https://cdn.vietnam.vn/wp-content/uploads/2023/05/Bun-cha-vuong-kieu-Ninh-Binh-hut-khach-thu-do.jpg
Micay Seoul Korean Restaurant,Restaurant,"Ninh Binh, Vietnam",4.1,Ninh Binh,200000,https://haiphongtours.com/wp-content/webp-express/webp-images/uploads/2021/02/Korean-food-restaurant-in-Ninh-Binh.jpg.webp
bb.q Chicken,Restaurant,"Ninh Binh, Vietnam",4.0,Ninh Binh,150000,http://haiphongtours.com/wp-content/uploads/2020/11/BBQ-Garden-Ninh-Binh.jpg
Duc Nhat Restaurant,Restaurant,"12 Hoang Hoa Tham",4.1,Ninh Binh,200000,https://www.vietnamescapetours.com/uploads/galleries/ducnhat-DTBU.jpg
Mien Luon Ba Phan,Restaurant,"Ninh Binh, Vietnam",4.5,Ninh Binh,60000,https://xevietanh.com/userfiles/images/mien-luon-ba-phan-ninh-binh-2.jpg
Trung Tuyet Restaurant,Restaurant,"14 Hoang Hoa Tham",4.2,Ninh Binh,180000,https://cdn.justfly.vn/1536x747/media/202105/21/1621587345-nha-hang-restaurant-trung-tuyet-ninh-binh.jpg
Kien Trang,Restaurant,"Ninh Binh, Vietnam",4.0,Ninh Binh,150000,https://leadtour.vn/wp-content/uploads/2021/11/kien-trang-homestay.jpg
Caphe Asian,Restaurant,"Phan Dinh Phung",4.2,Ninh Binh,50000,https://static.vinwonders.com/production/Ninh-Binh-Restaurants-banner.jpg
Viet Cuisine Restaurant,Restaurant,"Khe Thuong",4.1,Ninh Binh,200000,https://www.vietnamescapetours.com/uploads/galleries/tamcoclantern-xE6U.png
Bun Moc Bien Ha,Restaurant,"05 Le Hong Phong",4.4,Ninh Binh,40000,https://static.riviu.vn/image/2020/07/17/125e74fd6edf450e91914f8ec882b215.jpg
Trang An Restaurant,Restaurant,"Ninh Binh, Vietnam",4.0,Ninh Binh,180000,https://d3rftsiup4wf15.cloudfront.net/uploads/2024/05/17/trangan.jpg
Pho An,Restaurant,"862 Tran Hung Dao",4.3,Ninh Binh,50000,https://img.restaurantguru.com/w550/h367/r67e-meat-Pho-An-Pho-Restaurant-2024-05.jpg
Mr.Quoc Anh,Restaurant,"Ninh Binh, Vietnam",4.2,Ninh Binh,150000,https://img.restaurantguru.com/c24e-Quoc-Anh-Cafe-tp-Ninh-Binh-interior.jpg
Xuan Thang Restaurant,Restaurant,"Ninh Binh, Vietnam",4.0,Ninh Binh,200000,https://sinhtour.vn/wp-content/uploads/2024/02/dao-khe-coc-trang-an-ninh-binh-9.jpg
Curry House,Restaurant,"Ninh Binh, Vietnam",4.3,Ninh Binh,250000,https://vietnamstory.in/wp-content/uploads/2025/05/curry-king-restaurant.jpg
Forest Sunset Bar & Restaurant,Restaurant,"Ninh Binh, Vietnam",4.5,Ninh Binh,300000,https://images.happycow.net/venues/1024/43/89/hcmp438991_3139792.jpeg
Ngoc Minh Restaurant,Restaurant,"Ninh Binh, Vietnam",4.1,Ninh Binh,250000,https://media.mia.vn/uploads/blog-du-lich/den-nha-hang-ngoc-minh-trai-nghiem-am-thuc-cung-dinh-tai-ninh-binh-04-1640462571.jpg
Pham Duc,Restaurant,"Ninh Binh, Vietnam",4.0,Ninh Binh,180000,https://asialegend.travel/wp-content/uploads/2024/08/Ninh-Binh-Restaurants-Duc-De-Restaurant.jpg
Bao Anh Restaurant,Restaurant,"15 Hoang Hoa Tham",4.2,Ninh Binh,150000,https://www.vietnamescapetours.com/uploads/galleries/baoanh-RWSH.png
Trau Vang Restaurant,Restaurant,"Ninh Binh, Vietnam",4.3,Ninh Binh,220000,https://dynamic-media-cdn.tripadvisor.com/media/photo-o/06/ea/15/bc/trau-vang.jpg?w=600&h=-1&s=1
Centara Mirage Resort Mui Ne,Resort,"Huynh Thuc Khang",4.8,Phan Thiet,4500000,https://cf.bstatic.com/xdata/images/hotel/max1024x768/384903531.jpg?k=e9dad196756eb3f438d04f3daaa746f3e3c78eaf14b9f2806caa00a1290c2425&o=&hp=1
Saigon Mui Ne Resort,Resort,"Phan Thiet, Vietnam",4.0,Phan Thiet,2200000,https://www.e-nemeckeck.cz/fotky/velke/hotel-saigon-mui-ne-resort-mui-ne-bay-phan-thiet-vietnam-asie-510818.jpg
Sunny Beach Resort,Resort,"64-66 Nguyen Dinh Chieu",4.0,Phan Thiet,2500000,https://dynamic-media-cdn.tripadvisor.com/media/photo-o/1b/a3/fa/f9/khu-ngh-du-ng-sunny-beach.jpg?w=1400&h=-1&s=1
Blue Shell Resort,Resort,"Phan Thiet, Vietnam",4.0,Phan Thiet,1800000,https://ticotravel.com.vn/wp-content/uploads/2022/02/Blue-Shell-Resort-phan-thiet-3.jpg
Thai Hoa Muine Resort,Resort,"56 Huynh Thuc Khang",3.5,Phan Thiet,1500000,https://pix10.agoda.net/hotelImages/248052/-1/7e663f2094d90814b9cdd950264d8440.jpg?s=1024x768
Hai Gia Resort,Resort,"72A Huynh Thuc Khang",3.5,Phan Thiet,1400000,https://media-cdn.tripadvisor.com/media/photo-s/06/9b/f4/ab/pool.jpg
Sunrise Resort,Resort,"72 Nguyen Dinh Chieu",3.0,Phan Thiet,1200000,https://dynamic-media-cdn.tripadvisor.com/media/photo-o/15/c8/59/a0/sunrise-resort.jpg?w=700&h=-1&s=1
Full Moon Beach Resort,Resort,"84 Nguyen Dinh Chieu",4.0,Phan Thiet,1600000,https://media-cdn.tripadvisor.com/media/photo-s/0f/9d/d5/f7/photo0jpg.jpg
Canary Beach Resort,Resort,"Huynh Thuc Khang",3.5,Phan Thiet,1300000,https://media-cdn.tripadvisor.com/media/photo-s/01/b6/86/fa/pool-view.jpg
Mia Resort,Resort,"Phan Thiet, Vietnam",4.5,Phan Thiet,3200000,https://www.travelonline.com/vietnam/phan-thiet/accommodation/mia-resort-mui-ne/swimming-pool-58493-crop.jpg
Ocean Star Resort,Resort,"22 Nguyen Dinh Chieu",4.0,Phan Thiet,1900000,https://foto.piletid.eu/hotell-partnerilt/9657_7/vietnam-phan-thiet-ocean-star-resort-1.jpg
Unique Mui Ne Resort,Resort,"Phan Thiet, Vietnam",4.0,Phan Thiet,1800000,https://imgcy.trivago.com/c_fill,d_dummy.jpeg,e_sharpen:60,f_auto,h_534,q_40,w_800/partner-images/34/27/6cefdbc921f4c675bd9198575f2b17c53ddb36eba65df26ba838035f9218.jpeg
Seahorse Resort,Resort,"Phan Thiet, Vietnam",4.5,Phan Thiet,2500000,https://dynamic-media-cdn.tripadvisor.com/media/photo-o/12/f9/0f/97/seahorse-resort.jpg?w=900&h=-1&s=1
Palmira Beach Resort,Resort,"Phan Thiet, Vietnam",3.5,Phan Thiet,1400000,https://q-xx.bstatic.com/xdata/images/hotel/max1024x768/45062695.jpg?k=d68e2261743000d691f55250595bd307720bdb188c650062a33dc22f153a60c3&o=
Sonata Mui Ne Resort,Resort,"Phan Thiet, Vietnam",4.0,Phan Thiet,2100000,https://ticotravel.com.vn/wp-content/uploads/2023/04/SONATA-RESORT-_-SPA-PHAN-THIET-7.jpg
Anantara Resort,Resort,"Phan Thiet, Vietnam",5.0,Phan Thiet,5500000,https://www.travoh.com/wp-content/uploads/2023/07/001-Anantara-Mui-Ne-Resort-Phan-Thiet-Vietnam-Resort-Beach-Aerial-View-1024x683.jpg
Sea Lion Resort,Resort,"Phan Thiet, Vietnam",4.0,Phan Thiet,1700000,https://dynamic-media-cdn.tripadvisor.com/media/photo-o/2b/a8/1a/54/bird-eye-view.jpg?w=900&h=500&s=1
Hoang Hai Resort,Resort,"Phan Thiet, Vietnam",3.0,Phan Thiet,1100000,https://phuhaibeachresortphanthiet.com/wp-content/uploads/2024/06/hinh-banner-4.jpg
Mui Ne Resort,Resort,"Phan Thiet, Vietnam",3.5,Phan Thiet,1300000,https://www.uncovervietnam.com/wp-content/uploads/2019/07/Anantara-Mui-Ne-Resort-5-1.jpg
The Cliff Resort,Resort,"Phan Thiet, Vietnam",4.5,Phan Thiet,3800000,https://pix10.agoda.net/hotelImages/344574/-1/573d54c4f831c88c2c8abfc715d169cc.jpg?s=1024x768
Phu Hai Resort,Resort,"Phan Thiet, Vietnam",4.0,Phan Thiet,2200000,https://dynamic-media-cdn.tripadvisor.com/media/photo-o/12/7f/b7/03/caption.jpg?w=1400&h=-1&s=1
White Sands Resort,Resort,"Phan Thiet, Vietnam",3.5,Phan Thiet,1500000,https://media-cdn.tripadvisor.com/media/photo-s/1c/89/87/bc/white-sand-resort.jpg
Malibu Resort,Resort,"Phan Thiet, Vietnam",3.5,Phan Thiet,1600000,https://dynamic-media-cdn.tripadvisor.com/media/photo-o/04/b8/45/38/caption.jpg?w=900&h=-1&s=1
Resort Vinh Mui Ne,Resort,"Phan Thiet, Vietnam",4.0,Phan Thiet,1800000,https://sangolf.vn/wp-content/uploads/2023/02/44c7b5dd478a3c40af74e3365edbae18.jpg
The Sailing Bay Resort,Resort,"Phan Thiet, Vietnam",4.5,Phan Thiet,2900000,https://i.travelapi.com/lodging/7000000/6460000/6457600/6457600/75f659da_z.jpg
Muine Bay Resort,Resort,"Phan Thiet, Vietnam",4.0,Phan Thiet,2000000,https://dynamic-media-cdn.tripadvisor.com/media/photo-o/16/b2/b5/79/muine-bay-resort.jpg?w=700&h=-1&s=1
Pandanus Resort,Resort,"3 Nguyen Huu Tho",4.5,Phan Thiet,2700000,https://dsc.invia.cz/img/web-820x546/2018/8/20/d2/15860051-pandanus-resort.jpg
Lucy Resort,Resort,"Phan Thiet, Vietnam",3.0,Phan Thiet,1200000,https://dynamic-media-cdn.tripadvisor.com/media/photo-o/0d/d8/54/9e/lucy-resort-muong-thanh.jpg?w=700&h=-1&s=1
Cham Villas Resort,Resort,"Phan Thiet, Vietnam",4.0,Phan Thiet,2300000,https://pix10.agoda.net/hotelImages/651/65110/65110_15111814050037828148.jpg?ca=&ce=1&s=1024x768
Resort Hoang Ngoc,Resort,"Phan Thiet, Vietnam",3.5,Phan Thiet,1500000,https://dynamic-media-cdn.tripadvisor.com/media/photo-o/29/68/13/a3/hoang-ngoc-resort.jpg?w=1400&h=-1&s=1
Muine Watergate Resort,Resort,"Phan Thiet, Vietnam",3.0,Phan Thiet,1100000,https://pix6.agoda.net/hotelImages/434/43419/43419_14032710470018874167.jpg?s=1100x825
Dynasty Beach Mui Ne Resort,Resort,"Phan Thiet, Vietnam",3.5,Phan Thiet,1400000,https://media-cdn.tripadvisor.com/media/photo-s/0b/8a/e2/b3/photo1jpg.jpg
Pacific Beach Resort,Resort,"Phan Thiet, Vietnam",3.0,Phan Thiet,1000000,https://vivutour.vn/wp-content/uploads/2025/02/resort-pacific-beach-phan-thiet-phan-thiet-mui-ne-100.webp
Rang Garden Resort,Resort,"Phan Thiet, Vietnam",3.0,Phan Thiet,900000,https://images.trvl-media.com/hotels/10000000/9990000/9989200/9989164/4d4b5117.jpg?impolicy=resizecrop&rw=297&ra=fit
Minh Tam Resort,Resort,"Phan Thiet, Vietnam",3.0,Phan Thiet,850000,https://media-cdn.tripadvisor.com/media/photo-s/09/ff/a6/e4/minh-tam-resort.jpg
Pebble Beach Resort,Resort,"Phan Thiet, Vietnam",4.0,Phan Thiet,1900000,https://cdn.vntrip.vn/cam-nang/wp-content/uploads/2018/08/resort-phan-thiet-2-9-e1535508003861.jpg
Takalau Residence & Resort,Resort,"5 Residence Block",4.0,Phan Thiet,2200000,https://ticotravel.com.vn/wp-content/uploads/2022/02/Takalau-Residences-Resort-1.jpg
Sea Wind Resort,Resort,"Phan Thiet, Vietnam",3.0,Phan Thiet,950000,https://content.r9cdn.net/rimg/himg/f3/6a/b6/expedia_group-711739-0683d3cb-435476.jpg?width=1200&height=630&crop=true
Resort Paradise Mui Ne,Resort,"130C Nguyen Dinh Chieu",3.5,Phan Thiet,1300000,https://owa.bestprice.vn/images/hotels/uploads/mui-ne-paradise-resort-phan-thiet-6267a36ea69d6.jpg
Hai Au Resort,Resort,"30 Huynh Thuc Khang",3.0,Phan Thiet,1100000,https://dulichyenviet.com/wp-content/uploads/2019/06/hai-au-mui-ne-beach-resort-.jpg
Suoi Nuoc Resort,Resort,"Phan Thiet, Vietnam",3.0,Phan Thiet,900000,https://cf.bstatic.com/xdata/images/hotel/max1024x768/525086856.jpg?k=e9cb6daba8b983652d9bf6419671849e562da5c4161a6396a659a71810b2851a&o=&hp=1
Hai Dang Resort 1,Resort,"Phan Thiet, Vietnam",3.0,Phan Thiet,800000,https://ticotravel.com.vn/wp-content/uploads/2023/04/RESORT-HAI-DANG-2.jpg
Aquaba Resort,Resort,"Phan Thiet, Vietnam",3.5,Phan Thiet,1200000,https://i.pinimg.com/originals/96/8e/41/968e41cca036dd09419883bfb671301b.jpg
Longson Muine Beach Campground Resort,Resort,"Phan Thiet, Vietnam",3.0,Phan Thiet,500000,https://media-cdn.tripadvisor.com/media/photo-s/11/90/9c/c3/long-son-mui-ne-beach.jpg
Blue Ocean Resort,Resort,"54 Nguyen Dinh Chieu",4.0,Phan Thiet,2100000,https://dynamic-media-cdn.tripadvisor.com/media/photo-o/1a/16/ef/ef/20191115-154039-largejpg.jpg?w=1000&h=-1&s=1
Asteria Mui Ne Resort,Resort,"Phan Thiet, Vietnam",4.5,Phan Thiet,3500000,https://cf.bstatic.com/xdata/images/hotel/max1024x768/564848616.jpg?k=21b2cfeb639c8a24fbca6feb9ea4bbd0a4f41c515f04bc5ed68134002ebc1e58&o=&hp=1
Rach Dua Resort,Resort,"Phan Thiet, Vietnam",3.0,Phan Thiet,1000000,https://i.pinimg.com/originals/96/8e/41/968e41cca036dd09419883bfb671301b.jpg
Backstage Bar & Grill,Restaurant,"139D Nguyen Dinh Chieu",4.5,Phan Thiet,300000,https://media-cdn.tripadvisor.com/media/photo-s/14/82/14/d1/backstage-bar-grill-by.jpg
Love Sushi,Restaurant,"01 Ton Duc Thang",4.3,Phan Thiet,250000,https://lookaside.fbsbx.com/lookaside/crawler/media/?media_id=100057696589647
Mot Nang Bo Ke Mui Ne,Restaurant,"122 Nguyen Dinh Chieu",4.0,Phan Thiet,200000,https://i.ytimg.com/vi/8K2ndpj0WAY/maxresdefault.jpg
Modjo Bar & Restaurant,Restaurant,"139C Nguyen Dinh Chieu",4.4,Phan Thiet,280000,https://img.restaurantguru.com/ce89-Modjo-Restaurant-and-Bar-food.jpg
Sua Chua Tran Chau Ha Long,Restaurant,"15-17 Le Dai Hanh",4.2,Phan Thiet,40000,https://media.mia.vn/uploads/blog-du-lich/top-8-quan-sua-chua-tran-chau-ha-long-thom-ngon-kho-cuong-03-1641920523.jpg
Kichi Kichi,Restaurant,"173 Tran Hung Dao",4.1,Phan Thiet,250000,https://toplist.vn/images/800px/kichi-kichi-1279505.jpg
Choi Oi,Restaurant,"137A Nguyen Dinh Chieu",4.5,Phan Thiet,180000,https://images.happycow.net/venues/1024/14/55/hcmp145555_513953.jpeg
Cay Bang Restaurant,Restaurant,"Phan Thiet, Vietnam",4.0,Phan Thiet,300000,https://cbgroup.vn/wp-content/uploads/2022/01/nha-hang-cay-bang-phan-thiet-cbgroup-4.jpg
Ganesh Mui Ne,Restaurant,"57 Nguyen Dinh Chieu",4.4,Phan Thiet,260000,https://www.rustycompass.com/uploads/destinations/ganesh-indian-cuisine-mui-ne-0717-00001_15008734083.jpg
Luna d'Autunno,Restaurant,"Phan Thiet, Vietnam",4.3,Phan Thiet,350000,https://images2.thanhnien.vn/528068263637045248/2024/8/2/h4-17225834763041846959429.png
Snow Sushi Bar,Restaurant,"Phan Thiet, Vietnam",4.2,Phan Thiet,280000,https://img.restaurantguru.com/c54b-Maki-Sushi-Restaurant-and-Bar-Phan-Thiet-food.jpg
Ngoc Lan,Restaurant,"27A Nguyen Dinh Chieu",3.8,Phan Thiet,150000,https://1033609670.rsc.cdn77.org/rests/small/w550/h367/405_503420356.jpg
Hill Smoke Restaurant BBQ,Restaurant,"69/5 Nguyen Dinh Chieu",4.1,Phan Thiet,220000,https://img.restaurantguru.com/w550/h367/rbb5-Buffet-BBQ-Phan-Thiet-dishes-2024-05.jpg
Nhat Nam,Restaurant,"Phan Thiet, Vietnam",3.9,Phan Thiet,180000,https://img.restaurantguru.com/w550/h367/r301-interior-Nhat-Nam-Restaurant-2024-05-4.jpg
Rids Surf Club,Restaurant,"DT 716",4.0,Phan Thiet,200000,https://1033609670.rsc.cdn77.org/rests/small/w550/h367/107_505437466.jpg
Vi Dieu,Restaurant,"15B Huynh Thuc Khang",4.2,Phan Thiet,160000,http://photos.wikimapia.org/p/00/01/09/27/95_big.jpg
Taj Mahal,Restaurant,"63 Nguyen Dinh Chieu",4.3,Phan Thiet,240000,https://media-cdn.tripadvisor.com/media/photo-s/0d/ce/49/a8/interior.jpg
Pizza Hut,Restaurant,"Hung Vuong",4.0,Phan Thiet,180000,https://lookaside.fbsbx.com/lookaside/crawler/media/?media_id=1046276240877218
La Casa Del Latino,Restaurant,"117C Nguyen Dinh Chieu",4.1,Phan Thiet,250000,https://img.restaurantguru.com/ccc9-Restaurant-EL-Latino-food.jpg
Madam Din,Restaurant,"Phan Thiet, Vietnam",4.0,Phan Thiet,150000,https://img.speisekarte.menu/storage/media/company_images/12107680/conversions/thumbnail.jpg
Sindbad,Restaurant,"Nguyen Dinh Chieu",4.4,Phan Thiet,120000,https://images2.thanhnien.vn/528068263637045248/2024/8/2/h4-17225834763041846959429.png
Phat Hamburger,Restaurant,"253 Nguyen Dinh Chieu",4.2,Phan Thiet,100000,https://img.restaurantguru.com/w550/h367/r9f0-interior-Hai-san-Thuan-Phat-2024-05.jpg
My Wu,Restaurant,"Phan Thiet, Vietnam",4.0,Phan Thiet,80000,https://img.restaurantguru.com/w550/h367/r841-meals-Banh-my-My-Wu.jpg
Bo Ke Hong Hao,Restaurant,"187 Nguyen Dinh Chieu",3.8,Phan Thiet,200000,https://dynamic-media-cdn.tripadvisor.com/media/photo-o/0a/88/6e/41/boke-hong-hao-restaurant.jpg?w=900&h=-1&s=1
Le Vu Luy,Restaurant,"Nguyen Dinh Chieu",3.9,Phan Thiet,250000,https://img3.restaurantguru.com/c6f7-Backstage-Bar-and-Grill-Phan-Thiet-food.jpg
El Latino,Restaurant,"Phan Thiet, Vietnam",4.1,Phan Thiet,250000,https://img.restaurantguru.com/ccc9-Restaurant-EL-Latino-food.jpg
Hong Anh,Restaurant,"170 Huynh Thuc Khang",4.0,Phan Thiet,200000,https://n.oneday.com.vn/im/hPwehGj_JyO.jpg
Minh Kha,Restaurant,"Phan Thiet, Vietnam",3.8,Phan Thiet,180000,https://lookaside.fbsbx.com/lookaside/crawler/media/?media_id=904772098008807
Mughal House,Restaurant,"Phan Thiet, Vietnam",4.3,Phan Thiet,280000,https://media-cdn.tripadvisor.com/media/photo-s/0a/29/9e/c8/interior-and-exterior.jpg
Gap Go,Restaurant,"Phan Thiet, Vietnam",4.0,Phan Thiet,220000,http://photos.wikimapia.org/p/00/01/09/27/95_big.jpg
Pacifico,Restaurant,"Phan Thiet, Vietnam",4.2,Phan Thiet,250000,https://img.restaurantguru.com/cbab-Restaurant-Pacifico-Pizzeria-facade.jpg
Thanh Lan Restaurant,Restaurant,"58A Huynh Thuc Khang",4.0,Phan Thiet,300000,https://cuongdulich.com/assets/posts/1629771608-nha-hang-phan-thiet00005.jpg
Warung,Restaurant,"Phan Thiet, Vietnam",4.1,Phan Thiet,200000,http://photos.wikimapia.org/p/00/01/09/27/95_big.jpg
Food 69,Restaurant,"Hem 69 Nguyen Dinh Chieu",4.0,Phan Thiet,150000,https://statics.vinpearl.com/phan-thiet-food-6_1691997475.jpg
Nu Hoang Bien,Restaurant,"3 Nguyen Dinh Chieu",3.9,Phan Thiet,250000,https://media-cdn.tripadvisor.com/media/photo-s/29/ae/12/c3/com-nieu-phan-thi-t-set.jpg
Phan Thiet Restaurant,Restaurant,"Phan Thiet, Vietnam",4.0,Phan Thiet,300000,https://media-cdn.tripadvisor.com/media/photo-s/29/cb/08/bc/nha-hang-o-sao-phan-thi.jpg
Quan Nhau Xuyendem,Restaurant,"144 Nguyen Dinh Chieu",3.8,Phan Thiet,150000,https://img.restaurantguru.com/r689-QUAN-NHAU-SAN-VUON-PHAN-THIET-SHIP-exterior.jpg
Nam Tho 1,Restaurant,"33 Nguyen Dinh Chieu",3.9,Phan Thiet,200000,https://img.restaurantguru.com/w550/h367/r19a-Nha-Hang-Phuc-Tho-Nam-Tho-2-cu-photo.jpg
FLC City Hotel,Hotel,"1 Ly Thai To",5.0,Quy Nhon,2800000,https://www.flc.vn/wp-content/uploads/2019/10/viber_image_2019-10-21_09-28-10.jpg
FLC Condotel,Hotel,"3 Ly Thai To",4.5,Quy Nhon,2200000,https://www.flc.vn/wp-content/uploads/2019/10/viber_image_2019-10-21_09-28-10.jpg
FLC Sea Tower,Hotel,"27 Vo Thi Yen",4.5,Quy Nhon,1800000,https://cf.bstatic.com/xdata/images/hotel/max1024x768/352955779.jpg?k=b8ece8ae7af81002933e14f507b7b110f8d54c88b363d3080e21d7fa26f11162&o=&hp=1
L’Amor Boutique Hotel,Hotel,"1H1 Nguyen Thi Dinh",4.0,Quy Nhon,1400000,https://dynamic-media-cdn.tripadvisor.com/media/photo-o/28/d9/c5/0e/l-amor-boutique-hotel.jpg?w=1400&h=-1&s=1
Thanh Linh 1,Hotel,"148 Nguyen Hue",2.0,Quy Nhon,400000,https://dynamic-media-cdn.tripadvisor.com/media/photo-o/09/9e/d1/ad/khach-s-n-thanh-linh.jpg?w=1000&h=-1&s=1
TMS Quy Nhon,Hotel,"28 Tran Hung Dao",5.0,Quy Nhon,2500000,https://cf.bstatic.com/xdata/images/hotel/max1024x768/577553184.jpg?k=bc79a7361a6a602b43d5c63639495c57bf8db88fb7abc3de1e6127381c4aab41&o=&hp=1
Mento Hotel,Hotel,"Nguyen Hue",3.5,Quy Nhon,900000,https://dynamic-media-cdn.tripadvisor.com/media/photo-o/16/6a/62/33/getlstd-property-photo.jpg?w=700&h=-1&s=1
Fleur De Lys Hotel Quy Nhon,Hotel,"Quy Nhon, Vietnam",4.5,Quy Nhon,2100000,https://tripzone.vn/uploads/202103/12/24/154439-tq.jpg
Hata Hotel,Hotel,"35 Nguyen Nhac",3.0,Quy Nhon,650000,https://media-cdn.tripadvisor.com/media/photo-s/1b/4c/0a/fc/hata-hotel.jpg
Sai Gon Quy Nhon Hotel,Hotel,"Quy Nhon, Vietnam",4.0,Quy Nhon,1500000,https://dynamic-media-cdn.tripadvisor.com/media/photo-o/0e/df/c2/96/saigon-quy-nhon-hotel.jpg?w=700&h=-1&s=1
Hoang Huy,Hotel,"Quy Nhon, Vietnam",2.0,Quy Nhon,350000,https://cf.bstatic.com/xdata/images/hotel/max1024x768/410916805.jpg?k=ed9210b4dbccfbd81667f9ed8bbdd1da98f20e9808f28a19fceeb82ad2b2b145&o=&hp=1
Hai Huong Hotel,Hotel,"Quy Nhon, Vietnam",2.0,Quy Nhon,400000,https://dynamic-media-cdn.tripadvisor.com/media/photo-o/03/4a/d5/3a/hai-huong-hotel.jpg?w=700&h=-1&s=1
Y Linh,Hotel,"18 Nguyen Hue",2.0,Quy Nhon,450000,https://pix10.agoda.net/hotelImages/285051/-1/f9b1ff50dcaff452e4232b0daf3a95fe.jpg?ca=19&ce=1&s=1024x768
Hong Kong Hotel,Hotel,"Quy Nhon, Vietnam",3.0,Quy Nhon,700000,https://autourasia.fr/uploads/Travel-Guide-Vietnam/Quy-Nhon/top-07-best-5-star-hotels-and-resorts-in-quy-nhon-binh-dinh/700-flc-luxury-hotel-quy-nhon.jpg
Hoang Nam Hotel,Hotel,"Quy Nhon, Vietnam",3.0,Quy Nhon,600000,https://cf.bstatic.com/xdata/images/hotel/max1024x768/172411712.jpg?k=25457f8b395cd13570c541823eb29d7038e9d0d699e7173607ad31bf4593ae5e&o=
Bao Ngan Hotel,Hotel,"Quy Nhon, Vietnam",2.0,Quy Nhon,350000,https://cf.bstatic.com/xdata/images/hotel/max1024x768/273888385.jpg?k=1dd8f892d1108ad196b3c0d22cb104afad12aa4b3a4f756b2f8876c1ade91ef6&o=
Phuong Dong Hotel,Hotel,"3/21-23 Ngo May",3.0,Quy Nhon,550000,https://cdn2.vietnambooking.com/wp-content/uploads/hotel_pro/hotel_358167/bbcca69b2048165a4498015f84a0ea85.jpg
Hung Thinh Hotel,Hotel,"Vo Lieu",3.0,Quy Nhon,650000,https://media-cdn.tripadvisor.com/media/photo-s/0e/d7/62/f7/hung-thinh-hotel.jpg
Ngoc Quy Mini House,Hotel,"Quy Nhon, Vietnam",2.0,Quy Nhon,300000,https://dynamic-media-cdn.tripadvisor.com/media/photo-o/2c/32/9b/c1/caption.jpg?w=700&h=-1&s=1
Moon's House,Hotel,"82 Vu Bao",2.0,Quy Nhon,350000,https://cf.bstatic.com/xdata/images/hotel/max1024x768/421898627.jpg?k=417ccc8161487071e85cc3679030c15a026fa33c0fcf7f26d6299c054cc0c950&o=&hp=1
Hoang Yen Hotel,Hotel,"Quy Nhon, Vietnam",3.5,Quy Nhon,900000,https://pix10.agoda.net/hotelImages/285380/-1/8d4cc9f06c8f07d400fa5b7759a08bcd.jpg?ca=7&ce=1&s=1024x768
Anya Premier Hotel,Hotel,"44 An Duong Vuong",5.0,Quy Nhon,2400000,https://quynhonbooking.vn/wp-content/uploads/2022/10/Anya-Premier-Hotel-Quy-Nhon-2.jpg
Hai Au Hotel,Hotel,"Quy Nhon, Vietnam",4.0,Quy Nhon,1600000,https://cdn.vntrip.vn/cam-nang/wp-content/uploads/2020/09/khach-san-hai-au-quy-nhon-1.jpg
Huong Viet Restaurant,Restaurant,"122 Xuan Dieu",4.3,Quy Nhon,350000,https://monngonquynhon.com/wp-content/uploads/2024/02/nha-hang-huong-viet.jpg
Ca Khoi,Restaurant,"Vo Thi Yen",4.2,Quy Nhon,280000,https://media-cdn.tripadvisor.com/media/photo-m/1280/28/8e/ea/68/ca-khoi-restaurant.jpg
Ca Keo Nang Kieu,Restaurant,"20 Vo Thi Yen",4.1,Quy Nhon,200000,https://hotel84.com/hotel84-images/news/photo/met-ca-keo-nang-kieu.jpg
Dokki Restaurant,Restaurant,"27 Vo Thi Yen",4.5,Quy Nhon,320000,https://static.vinwonders.com/production/Quy-Nhon-restaurants-banner.jpg
Sisters Tavern And Pizzeria,Restaurant,"94 Tran Phu",4.4,Quy Nhon,250000,https://media-cdn.tripadvisor.com/media/photo-p/15/5f/b0/3b/sisters-tavern-pizzeria.jpg
Mi Cay Seoul Quy Nhon 2,Restaurant,"335 Nguyen Thai Hoc",4.0,Quy Nhon,150000,https://micayseoul.com.vn/wp-content/uploads/2025/06/Menu-Quy-Nhon-KV2-03.png
Mi Cay Sasin,Restaurant,"148 Nguyen Thi Dinh",4.0,Quy Nhon,120000,https://lookaside.fbsbx.com/lookaside/crawler/media/?media_id=122131824272681954
Pho Danh,Restaurant,"9 Tran Cao Van",4.3,Quy Nhon,50000,https://static.vinwonders.com/production/pho-quy-nhon-8-753x431.jpg
Com Nieu Hoi An - Quy Nhon,Restaurant,"Nguyen Tat Thanh",4.2,Quy Nhon,180000,https://lh5.googleusercontent.com/p/AF1QipPUTy5HFNukgjFPlNA7jq1f9WNCOG8uk3eQ3Dw
Thanh Tam,Restaurant,"Quy Nhon, Vietnam",3.9,Quy Nhon,150000,https://images.happycow.net/venues/1024/82/63/hcmp82636_2597912.jpeg
Buratino,Restaurant,"380 Nguyen Thai Hoc",4.1,Quy Nhon,220000,https://visitbinhdinh.vn/wp-content/uploads/2021/01/buratino_pizza.jpg
Ut Loi,Restaurant,"25 Hoa Lu",4.0,Quy Nhon,100000,https://lookaside.fbsbx.com/lookaside/crawler/media/?media_id=1079971356157250
Bun Thuy,Restaurant,"261 Tang Bat Ho",4.3,Quy Nhon,45000,https://quynhontourist.vn/wp-content/uploads/2023/01/da-dang-cac-loai-bun-ngon-tai-quan-bun-thuy.jpeg
Athena Restaurant,Restaurant,"43 Nguyen Trung Truc",4.2,Quy Nhon,280000,https://cdn.guland.vn/photos/shares/271492190.jpg
Ngoc Nga,Restaurant,"Quy Nhon, Vietnam",4.1,Quy Nhon,50000,https://top10quynhon.com/wp-content/uploads/banh-kem-ngoc-nga.jpg
Phong Nha,Restaurant,"Cau So 7, Dao Tan",4.0,Quy Nhon,150000,https://cdn.vietnamisawesome.com/wp-content/uploads/2024/01/phong-nha-lake-house-resort-2-1.jpg
Quy Nhon Sports Bar,Restaurant,"92 An Duong Vuong",4.4,Quy Nhon,200000,https://vietnamreviewer.com/wp-content/uploads/2023/09/Quy-Nhon-Sports-Bar.jpg
Sho,Restaurant,"1A5 Nguyen Trung Tin",4.3,Quy Nhon,300000,https://lookaside.fbsbx.com/lookaside/crawler/media/?media_id=985021883667563
Nho,Restaurant,"Quy Nhon, Vietnam",4.0,Quy Nhon,120000,https://media-cdn.tripadvisor.com/media/photo-s/19/8d/2a/2a/chu-n-b-ti-c-chu-dao.jpg
Banh Xeo Chay,Restaurant,"281 Bach Dang",4.2,Quy Nhon,40000,https://guidevietnam.org/wp-content/uploads/2018/06/Banh-xeo-Quy-Nhon-Binh-Dinh-1.jpg
The Pepa's Kitchen,Restaurant,"Quy Nhon, Vietnam",4.1,Quy Nhon,180000,https://lookaside.fbsbx.com/lookaside/crawler/media/?media_id=1220262153436081
Bun Mam Co Bong,Restaurant,"Quy Nhon, Vietnam",4.4,Quy Nhon,35000,https://down-vn.img.susercontent.com/vn-11134513-7ras8-md1rktljytzwa5
Chao Hau,Restaurant,"Quy Nhon, Vietnam",4.3,Quy Nhon,50000,https://i.ytimg.com/vi/GjrHkjTV4dg/hq720_2.jpg?sqp=-oaymwEYCNAFENAFSFryq4qpAwoIARUAAIhC0AEB&rs=AOn4CLD46TZOPjtQa7P9mM87St8rUYt3eA
My Quang 92,Restaurant,"92 Hai Ba Trung",4.2,Quy Nhon,40000,https://toplist.vn/images/800px/my-quang-92-537906.jpg
Nuc Nic House,Restaurant,"45 Hoang Dieu",4.1,Quy Nhon,150000,https://lookaside.fbsbx.com/lookaside/crawler/media/?media_id=1197483579047053
La Jules,Restaurant,"18 Tran Dang Phong",4.0,Quy Nhon,200000,https://media-cdn.tripadvisor.com/media/photo-m/1280/1c/d7/29/69/la-jules-coffee.jpg
The Social - Breakfast, Pizza & Pub Food,Restaurant,"79 Y Lan",4.3,Quy Nhon,220000,https://lh3.googleusercontent.com/p/AF1QipPdFC-Dqjq4-zhuhcP-18pzXrNnnAtOlm3OdWnN=s680-w680-h510
OM Vegan Bistro,Restaurant,"2A Tran Nguyen Dan",4.5,Quy Nhon,120000,https://lookaside.fbsbx.com/lookaside/crawler/media/?media_id=122118766376524913
Bo Ne ViVu,Restaurant,"90 Hai Ba Trung",4.2,Quy Nhon,60000,https://cdn.xanhsm.com/2025/01/f0cc0a8b-bo-ne-quy-nhon-5-936x1024.jpg
Bo Ne 168,Restaurant,"168 Tang Bat Ho",4.1,Quy Nhon,55000,https://inhat.vn/wp-content/uploads/2020/11/bo-ne-quy-nhon-1.jpg
Hai Rom Tapas,Restaurant,"35/4 Ly Thai To",4.3,Quy Nhon,280000,https://media-cdn.tripadvisor.com/media/photo-m/1280/1c/1a/8f/e2/hai-rom-tapas-bar.jpg
Pho Bat Da 425,Restaurant,"23 Phan Boi Chau",4.4,Quy Nhon,65000,https://danangprivatecar.com/wp-content/uploads/2023/10/With-a-history-of-over-100-years-Pho-Bat-Dan-proudly-stands-as-one-of-the-pho-restaurants-with-the-most-distinctive-and-authentic-flavors.jpeg
Banh Xeo,Restaurant,"562 Bach Dang",4.3,Quy Nhon,40000,https://vietnamnomad.com/wp-content/uploads/2022/01/Banh-Xeo-Quy-Nhon-Vietnamnomad-696x696.jpg
Wara Wara Izakaya,Restaurant,"63 Chuong Duong",4.4,Quy Nhon,350000,https://img.restaurantguru.com/c6a5-Restaurant-Wara-Wara-Izakaya-Quy-Nhon-food.jpg
Nasi Asia,Restaurant,"49 Hoang Dieu",4.0,Quy Nhon,150000,https://static.vinwonders.com/production/Quy-Nhon-restaurants-banner.jpg
Gio Bien,Restaurant,"Quy Nhon, Vietnam",3.9,Quy Nhon,180000,https://assets.avanihotels.com/image/upload/q_auto,f_auto/media/minor/avani/images/quy_nhon/eating/vquy_gio_teaser_1117x670.jpg
Tinh Tam (Chay),Restaurant,"Quy Nhon, Vietnam",4.1,Quy Nhon,80000,https://cdn.restaurants-world.com/bo-de-tinh-tam-chay/photo-10.jpg
Thanh Van,Restaurant,"159 Quy Nhon",4.0,Quy Nhon,100000,https://img.restaurantguru.com/w550/h367/r3d6-Com-Chay-Thanh-Van-dishes.jpg
Tam Thien,Restaurant,"Quy Nhon, Vietnam",4.2,Quy Nhon,90000,https://images.happycow.net/venues/1024/54/94/hcmp54946_91431.jpeg
Name,Type,Address,Ratings,Location,Price,Image
Mercure Haiphong,Hotel,"12 Lach Tray",4.5,Hai Phong,2100000,https://media-cdn.tripadvisor.com/media/photo-s/17/5a/37/75/exterior-view.jpg
Vinpearl Rivera Hai Phong,Hotel,"Manhattan 9, Vinhomes Imperia",5.0,Hai Phong,3200000,https://exp.cdn-hotels.com/hotels/40000000/39660000/39652500/39652446/6331603a_z.jpg
Hilton Hai Phong,Hotel,"Tran Quang Khai",5.0,Hai Phong,2800000,https://haiphonghomes.vn/images/project/du-an-hilton-hai-phong-1_50.jpg
Pullman Hai Phong Grand,Hotel,"12 Tran Phu",5.0,Hai Phong,3500000,https://d2e5ushqwiltxm.cloudfront.net/wp-content/uploads/sites/301/2024/06/28083139/pullman_hai_phong_home_slide_01-724x357.jpg
Melia Vinpearl Hai Phong Rivera,Hotel,"Hai Phong, Vietnam",4.8,Hai Phong,2900000,https://ik.imagekit.io/tvlk/apr-asset/dgXfoyh24ryQLRcGq00cIdKHRmotrWLNlvG-TxlcLxGkiDwaUSggleJNPRgIHCX6/hotel/asset/20019411-694aff9433d6fbc659348849375e746c.jpeg?tr=q-40,w-740,h-465&_src=imagekit
Huu Nghi Hotel,Hotel,"60A Dien Bien Phu",4.0,Hai Phong,1100000,https://cf.bstatic.com/xdata/images/hotel/max1024x768/659695338.jpg?k=1987a9250a7f936f4019aad31ff53646ef2b21ee78627ca80fa224a22c0c0bf3&o=
Monte Carlo Hotel,Hotel,"Hai Phong, Vietnam",4.0,Hai Phong,950000,https://www.hoteljob.vn/uploads/images/2021/10/14-08/Capture.JPG
Tray Hotel,Hotel,"49 Lach Tray",4.2,Hai Phong,1400000,https://dynamic-media-cdn.tripadvisor.com/media/photo-o/21/e7/f8/15/hotel-lobby.jpg?w=700&h=-1&s=1
Draco Thang Long Hotel,Hotel,"2 Hoang Van Thu",4.1,Hai Phong,1200000,https://media-cdn.tripadvisor.com/media/photo-p/11/71/11/1d/photo7jpg.jpg
Bach Dang Hotel,Hotel,"Hai Phong, Vietnam",3.5,Hai Phong,750000,https://i.travelapi.com/lodging/67000000/66730000/66727300/66727243/6b87df13_z.jpg
Hoang Hai Hotel,Hotel,"109 Cau Dat",3.0,Hai Phong,600000,https://media-cdn.tripadvisor.com/media/photo-s/0e/31/a0/f2/insegna.jpg
Bao Anh Hotel,Hotel,"Hai Phong, Vietnam",3.0,Hai Phong,550000,https://media-cdn.tripadvisor.com/media/photo-p/08/7e/5b/d2/photo0jpg.jpg
Hoang Long Hotel,Hotel,"Hai Phong, Vietnam",3.0,Hai Phong,650000,https://i.ytimg.com/vi/iewAUm6cj0c/maxresdefault.jpg
Kim Thanh Hotel,Hotel,"Hai Phong, Vietnam",3.0,Hai Phong,500000,http://www.hotel84.com/hotels/hotels84-images/product/img1/kim-thanh-hotel.jpg
Monaco Hotel,Hotel,"Hai Phong, Vietnam",3.5,Hai Phong,800000,https://media-cdn.tripadvisor.com/media/photo-s/05/3f/d0/1a/monaco-hotel.jpg
Lasvegas Hotel,Hotel,"Hai Phong, Vietnam",3.0,Hai Phong,450000,https://i.ytimg.com/vi/Ji8NaQelCEo/maxresdefault.jpg
An Dao Hotel,Hotel,"Hai Phong, Vietnam",3.0,Hai Phong,520000,https://www.itimaker.com/images/where-to-stay-in-haiphong-vietnam.webp
Phuc Dai Loi Hotel,Hotel,"Hai Phong, Vietnam",3.0,Hai Phong,600000,https://cf.bstatic.com/xdata/images/hotel/max1024x768/199609534.jpg?k=0f1c2f50471e37446d7a2ca5d467758c009159119cd0d971c2170d0ca192b0b0&o=
Trong Khach Hotel,Hotel,"Hai Phong, Vietnam",3.0,Hai Phong,580000,https://www.pullman-haiphong-grand.com/wp-content/uploads/sites/301/2024/07/Superior-room_26997_opt1-1.jpg
Level Hotel,Hotel,"Hai Phong, Vietnam",3.8,Hai Phong,850000,https://i.travelapi.com/lodging/11000000/10640000/10631200/10631127/b7614df7_z.jpg
Thanh Cong Hotel,Hotel,"Hai Phong, Vietnam",3.0,Hai Phong,550000,https://i.travelapi.com/lodging/22000000/21090000/21080300/21080271/f385cbe5_z.jpg
Tuong Vi Hotel,Hotel,"299 Le Lai",3.0,Hai Phong,600000,https://ticotravel.com.vn/wp-content/uploads/2022/03/tuong-vy-hotel-hai-phong-1.jpg
Paramount Hotel,Hotel,"Hai Phong, Vietnam",3.5,Hai Phong,750000,https://lookaside.fbsbx.com/lookaside/crawler/media/?media_id=1358215162972939
Dong Duong Hotel,Hotel,"Hai Phong, Vietnam",3.0,Hai Phong,650000,https://cf.bstatic.com/xdata/images/hotel/max1024x768/482950295.jpg?k=f79c9685bbb925799b5c774defb5a6b2299709ca5c86fbe86bfe8b1a42d0a79c&o=
Hoa Viet Anh Hotel,Hotel,"10B/261 Tran Nguyen Han",3.0,Hai Phong,500000,https://acihome.vn/uploads/15/thiet-ke-khach-san-phong-cach-dia-trung-hai-dep-lung-linh-tai-vung-tau-hafi-hotel-2.JPG
Phu Vinh Hotel,Hotel,"Hai Phong, Vietnam",3.0,Hai Phong,550000,https://media-cdn.tripadvisor.com/media/photo-s/0b/3b/1c/53/phu-vinh-hotel.jpg
Cat Bi Hotel,Hotel,"Hai Phong, Vietnam",3.5,Hai Phong,700000,https://live.staticflickr.com/2887/13763072603_78d71a99a3_b.jpg
Viet 4 Seasons Hotel,Hotel,"Hai Phong, Vietnam",3.0,Hai Phong,600000,https://pix10.agoda.net/hotelImages/6253844/-1/a6884e164b561314548b82a8fb58cd11.jpg?ca=7&ce=1&s=1024x768
Imperial Boat Hotel,Hotel,"Hai Phong, Vietnam",4.0,Hai Phong,1200000,https://i.travelapi.com/lodging/23000000/22570000/22569800/22569711/ee7de862_z.jpg
Quynh Trang Hotel,Hotel,"53 Nguyen Trai",3.0,Hai Phong,550000,https://media-cdn.tripadvisor.com/media/photo-s/0a/0d/da/ae/quynh-trang-hotel.jpg
Ngoc Lan Hotel,Hotel,"Hai Phong, Vietnam",3.0,Hai Phong,500000,https://lookaside.fbsbx.com/lookaside/crawler/media/?media_id=100063735901192
Cozi Hotel,Hotel,"Hai Phong, Vietnam",3.5,Hai Phong,750000,https://cozihotel.com/wp-content/uploads/2024/01/113540632.jpg
Sinh Vien Hotel,Hotel,"Hai Phong, Vietnam",2.0,Hai Phong,300000,https://acihome.vn/uploads/15/thiet-ke-khach-san-phong-cach-dia-trung-hai-dep-lung-linh-tai-vung-tau-hafi-hotel-2.JPG
Cong Doan Hotel,Hotel,"Hai Phong, Vietnam",3.0,Hai Phong,600000,https://congdoanvietnamhotel.com/wp-content/uploads/2019/10/rsz_dsc03668.jpg
Lucy Boardgame,Restaurant,"38 Le Van Thuyet",4.5,Hai Phong,60000,https://khamphahue.com.vn/Portals/0/Medias/Nam2023/T6/Khamphahue_LucyRakuenHue18.jpg
Khoang Troi Hanh Phuc,Restaurant,"1/33 An Kim Hai",4.2,Hai Phong,80000,https://img.restaurantguru.com/w550/h367/r168-interior-Tiem-Thanh-Thoi-2021-12-1.jpg
Ngoi Do Restaurant,Restaurant,"Hai Phong, Vietnam",4.1,Hai Phong,250000,https://img.restaurantguru.com/c306-Nha-hang-Ngoi-Do-Hai-Phong-seafood.jpg
Phu Gia Restaurant,Restaurant,"Hai Phong, Vietnam",4.0,Hai Phong,300000,https://img3.restaurantguru.com/c63e-Nha-hang-Phu-Gia-Phu-Gia-Restaurant-design.jpg
Pizza Hut To Hieu,Restaurant,"91 To Hieu",4.0,Hai Phong,200000,https://img.restaurantguru.com/ca29-Restaurant-Pizza-Hut-Aeon-Mall-Hai-Phong-pizza.jpg
Ma Vie Restaurant,Restaurant,"41 Le Loi",4.3,Hai Phong,280000,https://img.restaurantguru.com/w550/h367/r0b2-Ma-Vie-advertisement.jpg
Ding Tea,Restaurant,"28 Tran Hung Dao",3.9,Hai Phong,50000,https://aeonmall-haiphong-lechan.com.vn/wp-content/uploads/2020/11/ding-tea-aeon-mall-hai-phong-le-chan.png
Ganesh Indian Restaurant,Restaurant,"Hai Phong, Vietnam",4.4,Hai Phong,250000,https://haiphongtours.com/wp-content/uploads/2021/02/Nha-hang-An-Do-Ganesh-Hai-Phong.jpg
Tuyet Hai San Lau Nguoi 1,Restaurant,"Hai Phong, Vietnam",4.0,Hai Phong,300000,https://img3.restaurantguru.com/c55a-Hoa-Tuyet-Restaurant-sashimi.jpg
Nature Kafe,Restaurant,"Tran Phu",4.2,Hai Phong,70000,https://img.restaurantguru.com/w550/h367/ra60-NATURE-KAFE-Specialty-Coffee-interior-2022-12.jpg
Oc So,Restaurant,"87 Hong Bang",4.3,Hai Phong,150000,https://img.restaurantguru.com/w550/h367/r779-Oc-mussels.jpg
Starbucks Hai Phong,Restaurant,"Hai Phong, Vietnam",4.3,Hai Phong,90000,https://i.ytimg.com/vi/oiihx049Oyc/maxresdefault.jpg
Bonne Vie Steak House,Restaurant,"Hai Phong, Vietnam",4.4,Hai Phong,450000,https://media.mia.vn/uploads/blog-du-lich/bonne-vie-steak-house-restaurant-hai-phong-su-ket-hop-tinh-hoa-am-thuc-a-au-1648793121.jpg
Nam Giao,Restaurant,"20 Le Dai Hanh",4.2,Hai Phong,80000,https://media-cdn.tripadvisor.com/media/photo-s/07/fe/75/bb/nam-giao.jpg
Got Tea,Restaurant,"Hai Phong, Vietnam",4.1,Hai Phong,55000,https://91squarefeet.com/wp-content/uploads/2023/08/GotTea_Site_5.jpg
Lau Tu Xuyen,Restaurant,"23 Minh Khai",4.2,Hai Phong,350000,https://lh3.googleusercontent.com/p/AF1QipPyWIr6U8cSZz4hJW2q9icDVu7WWgfy7pqpCkn6=s680-w680-h510
Gong Cha,Restaurant,"Hai Phong, Vietnam",4.2,Hai Phong,60000,https://gongcha.com.vn/wp-content/uploads/2018/02/IMG_02022018_164812_0.jpg
Lau Nuong,Restaurant,"Hai Phong, Vietnam",4.0,Hai Phong,220000,https://img.restaurantguru.com/w550/h367/rdfd-food-BUSAN-LAU-NUONG-31-182-VAN-CAO-HAI-PHONG.jpg
Zozo BBQ,Restaurant,"Hai Phong, Vietnam",4.1,Hai Phong,280000,https://chillvietnam.com/wp-content/uploads/2022/12/zozo-bbq-grill-bar-quan-bar-ket-hop-nuong-bbq-chat-luong-khong-the-bo-qua-1671718913-1024x683.jpeg
Na‘s Tea Room,Restaurant,"4",4.3,Hai Phong,70000,https://www.hoteljob.vn/uploads/images/2022/02/16-09/136746919_3831056710265593_3954415697695476234_n.jpg
Butabasor Tea & Fruits,Restaurant,"56-BT1 Ly Thanh Long",4.1,Hai Phong,65000,https://hpbook.thietbiytegiadinh.vn/2024-09/120924_100151224.jpg
Oggy - Fusion Restaurant,Restaurant,"54-BT1 Ly Thanh Long",4.2,Hai Phong,200000,https://toplist.vn/images/800px/oggy-fusion-restaurant-1147303.jpg
Cleopatra Bistro,Restaurant,"52-BT1 Ly Thanh Long",4.3,Hai Phong,250000,https://lookaside.fbsbx.com/lookaside/crawler/media/?media_id=61552335765806
Ga Tuoi Minh Hoach,Restaurant,"Hai Phong, Vietnam",4.0,Hai Phong,180000,https://img.restaurantguru.com/w550/h367/r427-interior-Nha-Hang-Ga-Tuoi-Minh-Hoach-2024-05-1.jpg
Hoa Oc,Restaurant,"69 May To",4.2,Hai Phong,120000,https://lookaside.fbsbx.com/lookaside/crawler/media/?media_id=100059898648291
Thai Milk Tea,Restaurant,"69 Dinh Dong",4.0,Hai Phong,40000,https://lookaside.fbsbx.com/lookaside/crawler/media/?media_id=100083348582284
Pho Ha Thanh,Restaurant,"Hai Phong, Vietnam",4.2,Hai Phong,50000,https://img.restaurantguru.com/w550/h367/reb4-Pho-Ha-Thanh-food-2024-05-1.jpg
My Van Than,Restaurant,"Hai Phong, Vietnam",4.1,Hai Phong,45000,https://vietnam-amazing.com/wp-content/uploads/2023/12/mi-van-than-ngon.jpeg
Nha Luom,Restaurant,"69 Tran Phu",4.3,Hai Phong,220000,https://img.restaurantguru.com/w550/h367/rf1a-interior-Nha-Luom-Xuong-che-tac-do-uong-thu-cong-2024-05-2.jpg
Bit Tet Trinh,Restaurant,"70 Tran Phu",4.1,Hai Phong,150000,https://toplist.vn/images/800px/bit-tet-trinh-1229826.jpg
Tra Cuc Diamond,Restaurant,"31-33 Minh Khai",4.4,Hai Phong,35000,https://lookaside.fbsbx.com/lookaside/crawler/media/?media_id=100069388909633
Vegetarian Restaurant,Restaurant,"Hai Phong, Vietnam",4.2,Hai Phong,80000,https://comnieuvuongtron.com/wp-content/uploads/2019/06/chay.jpg
Mama Chang,Restaurant,"Hai Phong, Vietnam",4.0,Hai Phong,200000,https://lookaside.fbsbx.com/lookaside/crawler/media/?media_id=61553480972025
Banh Da Cua Hai Phong,Restaurant,"Hai Phong, Vietnam",4.6,Hai Phong,40000,https://dulich3mien.vn/wp-content/uploads/2022/03/BANH-DA-CUA-HAI-PHONG-01-min.jpg
Oc 131,Restaurant,"Hai Phong, Vietnam",4.2,Hai Phong,100000,https://vietnamreviewer.com/wp-content/uploads/2023/11/Oc-Hai-Phong-Quyen-Oc.jpg
Com Nieu 37,Restaurant,"29 Minh Khai",4.1,Hai Phong,120000,https://comnieu37.vn/wp-content/uploads/2024/12/PHG08560-768x715.jpg
Luxury Hotel,Hotel,"Ngo Tat To, Bac Ninh",3.5,Bac Ninh,750000,https://booking.muongthanh.com/images/hotels/hotels/original/muong-thanh-bac-ninh-1_1663925785.jpg
JW Marriott Bac Ninh,Hotel,"Tran Hung Dao, Bac Ninh",5.0,Bac Ninh,3800000,https://www.hoteljob.vn/uploads/images/2025/04/19/6803b90cd8d866_79133817.jpg
Grand Phoenix Hotel,Hotel,"Ly Thai To, Bac Ninh",4.5,Bac Ninh,1800000,https://images.trvl-media.com/hotels/46000000/45010000/45009700/45009690/0ba7f067.jpg?impolicy=resizecrop&rw=1200&ra=fit
Luxury Phoenix Hotel Bac Ninh,Hotel,"Han Thuyen, Bac Ninh",4.0,Bac Ninh,1400000,https://q-xx.bstatic.com/xdata/images/hotel/max1024x768/74952300.jpg?k=afb5bc3612409bdeade726e81d630e1471d2ce433111b463acb53a295f95d9a6&o=
Royal Phoenix Hotel Bac Ninh,Hotel,"Phu Dong Thien Vuong",4.0,Bac Ninh,1300000,https://cf.bstatic.com/xdata/images/hotel/max1024x768/591472022.jpg?k=6a6427fbd77f11d400bc0750a27b44c449f3df46a0c59e0db3b99bcb2f17d208&o=
The Grand Hotel,Hotel,"Le Thai To, Bac Ninh",4.0,Bac Ninh,1200000,https://i.travelapi.com/hotels/30000000/29370000/29368300/29368231/c195dfed_z.jpg
Muong Thanh Luxury Bac Ninh,Hotel,"395 Ngo Gia Tu",4.5,Bac Ninh,1600000,https://booking.muongthanh.com/images/hotels/hotels/original/muong-thanh-bac-ninh-1_1663925785.jpg
Hilton Bac Ninh,Hotel,"38 Le Thai To",4.0,Bac Ninh,1500000,https://i1.wp.com/kenhhomestay.com/wp-content/uploads/2019/10/khach-san-bac-ninh-4.jpg
Phoenix Resort Bac Ninh,Resort,"Bac Ninh, Vietnam",4.5,Bac Ninh,2500000,https://pix10.agoda.net/hotelImages/1157359/-1/278d36c68f55f583e819c7a313e8fea7.jpg?ca=8&ce=1&s=1024x768
Glory 2 Hotel,Hotel,"36 Ngoc Han Cong Chua",3.0,Bac Ninh,650000,https://dynamic-media-cdn.tripadvisor.com/media/photo-o/15/c3/9d/cb/getlstd-property-photo.jpg?w=700&h=-1&s=1
Glory Hotel,Hotel,"3 Nguyen Dang Dao",3.5,Bac Ninh,750000,https://dynamic-media-cdn.tripadvisor.com/media/photo-o/15/c3/9d/cb/getlstd-property-photo.jpg?w=700&h=-1&s=1
Nasa Bac Ninh Hotel,Hotel,"148 Ngoc Han Cong Chua",3.0,Bac Ninh,600000,https://i.travelapi.com/hotels/31000000/30540000/30535300/30535201/12cf604d_z.jpg
Glory 3 Hotel,Hotel,"166 Ngoc Han Cong Chua",3.0,Bac Ninh,650000,https://ak-d.tripcdn.com/images/1mc2612000du4jht76B6B_R_960_660_R5_D.jpg
Apa Hotel Bac Ninh,Hotel,"Ngo Tat To",3.0,Bac Ninh,550000,https://i.travelapi.com/lodging/61000000/61000000/60995700/60995692/193c00b3_z.jpg
Queen Hotel Bac Ninh,Hotel,"Ngo Tat To",3.0,Bac Ninh,580000,https://dynamic-media-cdn.tripadvisor.com/media/photo-o/15/65/7b/57/getlstd-property-photo.jpg?w=700&h=-1&s=1
Landmark Hotel,Hotel,"Bac Ninh, Vietnam",3.0,Bac Ninh,500000,https://www.tnktravel.com/wp-content/uploads/2013/12/Landmark_Hotel_Bacninh.jpg
4M Hotel,Hotel,"Bac Ninh, Vietnam",3.0,Bac Ninh,480000,https://image6.yanolja.com/global/B4HdrJnwlRR6gC4j
Hawaii Hotel,Hotel,"Bac Ninh, Vietnam",3.0,Bac Ninh,520000,https://lookaside.fbsbx.com/lookaside/crawler/media/?media_id=100075777476141
Yen Binh 2 Hotel,Hotel,"Bac Ninh, Vietnam",2.0,Bac Ninh,400000,https://cf.bstatic.com/xdata/images/hotel/max1024x768/296508172.jpg?k=50e1b140f8090bcb9ad473f6e1df8a53517041ad00eb62af04d5b6f4fb775aaa&o=&hp=1
Phuc Anh Hotel,Hotel,"8-10 Nguyen Cao",3.0,Bac Ninh,550000,https://media-cdn.tripadvisor.com/media/photo-p/12/9f/a9/6c/getlstd-property-photo.jpg
K Boss 3 Hotel,Hotel,"164 Hai Ba Trung",3.0,Bac Ninh,600000,https://dynamic-media-cdn.tripadvisor.com/media/photo-o/15/95/27/0a/khach-s-n-v-tri-trung.jpg?w=1000&h=-1&s=1
Cozy Phoenix Hotel,Hotel,"Han Thuyen",3.5,Bac Ninh,700000,https://pix10.agoda.net/hotelImages/1157359/-1/278d36c68f55f583e819c7a313e8fea7.jpg?ca=8&ce=1&s=1024x768
Vinh Cat Building,Hotel,"37 Ly Thai To",3.0,Bac Ninh,650000,https://homepage.momocdn.net/hotel/momo-cdn-api-221010212653-638010340132447785.jpg
New World Hotel,Hotel,"34 Ly Thai To",3.5,Bac Ninh,800000,https://themalaysianreserve.com/wp-content/uploads/2019/10/New-World-Hotel-1.jpg
Mimoza Hotel,Hotel,"5D Ngo Mien Thieu",2.0,Bac Ninh,400000,https://ticotravel.com.vn/wp-content/uploads/2022/04/mimosa-hotel-sapa-1.jpg
Vienna Hotel,Hotel,"38 Le Thai To",3.5,Bac Ninh,750000,https://media-cdn.tripadvisor.com/media/photo-p/18/66/cf/55/buiding-vienna-hotel.jpg
Central Hotel Kinh Bac,Hotel,"28 Le Thai To",3.0,Bac Ninh,600000,https://lookaside.fbsbx.com/lookaside/crawler/media/?media_id=321426495238071
Violin Bac Ninh Hotel,Hotel,"26 Le Thai To",3.0,Bac Ninh,550000,https://i.travelapi.com/lodging/100000000/99360000/99357700/99357659/79d6d85d_z.jpg
Hello Hotel,Hotel,"Bac Ninh, Vietnam",2.0,Bac Ninh,350000,https://i.travelapi.com/lodging/25000000/24450000/24441300/24441229/792a0029_z.jpg
Dong Do Hotel,Hotel,"Bac Ninh, Vietnam",3.0,Bac Ninh,500000,https://lookaside.fbsbx.com/lookaside/crawler/media/?media_id=104645252713782
Tao Pho Garden,Restaurant,"6 Ngo Mien Thieu",4.2,Bac Ninh,40000,https://toplist.vn/images/800px/tao-pho-garden-1124389.jpg
Ha Phong Restaurant,Restaurant,"Nguyen Cao",4.1,Bac Ninh,200000,https://diadiemvietnam.vn/wp-content/uploads/2023/03/nha-hang-Ha-Phong-Bac-Ninh-2.jpg
Banh Trang Cuon Thit Heo Phu Minh,Restaurant,"90 Nguyen Gia Thieu",4.0,Bac Ninh,100000,https://lookaside.fbsbx.com/lookaside/crawler/media/?media_id=122186116550105485
Cang Tin,Restaurant,"Bac Ninh, Vietnam",4.0,Bac Ninh,50000,https://lookaside.fbsbx.com/lookaside/crawler/media/?media_id=478338421497475
My Cay Susin,Restaurant,"7 Le Van Thinh",4.0,Bac Ninh,80000,https://down-vn.img.susercontent.com/vn-11134259-7r98o-lwes3bf7yi1l1b
Pizza Hut Bac Ninh,Restaurant,"Bac Ninh, Vietnam",4.0,Bac Ninh,180000,https://toplist.vn/images/800px/pizza-hut-bac-ninh-772513.jpg
Starbucks Bac Ninh,Restaurant,"Ly Thai To",4.3,Bac Ninh,90000,https://vietnamtop10.net/wp-content/uploads/thiet-ke-quan-cafe-starbucks-96-1024x684.jpg
Kai Sushibar,Restaurant,"Ly Thai To",4.2,Bac Ninh,300000,https://lookaside.fbsbx.com/lookaside/crawler/media/?media_id=100063673983982
Pho Gan Chay Vinh Xuong,Restaurant,"182 Tran Luu",4.4,Bac Ninh,55000,https://luhanhvietnam.com.vn/du-lich/vnt_upload/news/03_2023/pho-gan-chay-bac-ninh-vinh-suong-_.jpg
TocoToco Bubble Tea,Restaurant,"60 Ngoc Han Cong Chua",4.0,Bac Ninh,45000,https://lookaside.fbsbx.com/lookaside/crawler/media/?media_id=100068109174040
La Tra Bac Ninh,Restaurant,"12 Nguyen Xuan Chinh",4.1,Bac Ninh,50000,https://bizweb.dktcdn.net/100/201/525/files/tra-shan-tuyet-co-thu.jpg?v=1694423308713
Reppy 1995,Restaurant,"10A Nguyen Dang Dao",4.2,Bac Ninh,150000,https://inhat.vn/wp-content/uploads/2022/05/quan-cafe-dep-o-bac-ninh-5-768x768.jpg
Mixue Bac Ninh,Restaurant,"Tran Hung Dao",4.0,Bac Ninh,30000,https://lh3.googleusercontent.com/p/AF1QipPa8o1SNfEyKo3LwIS8yDM85LEo9PEHp_vX67tM=s680-w680-h510
Felize Restaurant,Restaurant,"Bac Ninh, Vietnam",4.1,Bac Ninh,200000,https://bomaudio.com/wp-content/uploads/2024/06/Du-an-o-Bac-Ninh-4.jpg
Lem Kafe,Restaurant,"Bac Ninh, Vietnam",4.0,Bac Ninh,60000,https://media-cdn.tripadvisor.com/media/photo-s/13/4a/18/74/lee-coffee-at-bacninh.jpg
Korean Restaurant Yukgeori,Restaurant,"Bac Ninh, Vietnam",4.3,Bac Ninh,300000,https://img.restaurantguru.com/raa6-Pho-Ga-Bac-Ninh-dishes-2021-09.jpg
Kotteji,Restaurant,"Ngoc Han Cong Chua",4.2,Bac Ninh,250000,https://lookaside.fbsbx.com/lookaside/crawler/media/?media_id=914242798945043
Korean Royal Jokbal,Restaurant,"Bac Ninh, Vietnam",4.2,Bac Ninh,280000,https://www.localview.co.kr/cp/cpimage/102173229_280626.jpg
Bun Cha Ba Van,Restaurant,"2 Vu Kiet",4.3,Bac Ninh,50000,https://static.vinwonders.com/production/2025/09/bun-cha-ba-van-bac-ninh.jpg
Babo Restaurant,Restaurant,"Bac Ninh, Vietnam",4.0,Bac Ninh,220000,https://d12zq4w4guyljn.cloudfront.net/750_750_20240408034106_photo1_040b60e0ee46.webp
Sakura Sushi,Restaurant,"Bac Ninh, Vietnam",4.2,Bac Ninh,300000,https://shinaji.vn/wp-content/uploads/2023/12/Nha-Hang-1-1024x985.jpg
Single Hotpot,Restaurant,"Bac Ninh, Vietnam",4.0,Bac Ninh,120000,https://lookaside.fbsbx.com/lookaside/crawler/media/?media_id=1190655961143804
Bittet Bui,Restaurant,"Bac Ninh, Vietnam",4.1,Bac Ninh,150000,https://icadvietnam.vn/wp-content/uploads/2023/02/anh-dai-dien-ngang-to-Nha-hang-Bac-Ninh.png
Nhat Nuong,Restaurant,"Bac Ninh, Vietnam",4.2,Bac Ninh,250000,https://alltop.vn/backend/media/images/posts/2074/KANG_BBQ_buffet_Nuong_Lau-138188.jpg
Thien Duc Restaurant,Restaurant,"Bac Ninh, Vietnam",4.0,Bac Ninh,180000,https://lookaside.fbsbx.com/lookaside/crawler/media/?media_id=100054870125414
Chakumsang Korean Restaurant,Restaurant,"Bac Ninh, Vietnam",4.3,Bac Ninh,320000,https://img.restaurantguru.com/w550/h367/ra4a-Nha-hang-Han-Quoc-photo.jpg
Sarangbang Restaurant,Restaurant,"Bac Ninh, Vietnam",4.2,Bac Ninh,280000,https://vtdanawa.com/data/editor/2405/bc7fa58d4e76e75b44688dac1d42dd52_1715587670_7819.jpg
Long Beach Hotel,Hotel,"Phu Yen, Vietnam",3.5,Phu Yen,700000,https://kenhhomestay.com/wp-content/uploads/2022/04/Long-Beach-Hotel-Phu-Yen_3.jpg
Lam Tra Hotel,Hotel,"Phu Yen, Vietnam",3.5,Phu Yen,650000,https://media.mia.vn/uploads/blog-du-lich/trai-nghiem-khach-san-nghia-lam-tra-phu-yen-sang-trong-bat-nhat-2-1648909872.jpg
Thuy Tien Hotel,Hotel,"Phu Yen, Vietnam",3.0,Phu Yen,550000,https://pix10.agoda.net/hotelImages/443/443363/443363_14040717060018989842.jpg?ca=2&ce=1&s=1024x768
Khanh Hoa Hotel,Hotel,"Phu Yen, Vietnam",3.0,Phu Yen,600000,https://dimg04.c-ctrip.com/images/220j10000000ojzo10395_R_600_400_R5_D.jpg
Anh Tuan Hotel,Hotel,"Phu Yen, Vietnam",2.0,Phu Yen,400000,https://pix10.agoda.net/hotelImages/292/292236/292236_111129214135705.jpg?ca=0&ce=1&s=1024x768
Kim Anh Hotel,Hotel,"Phu Yen, Vietnam",3.0,Phu Yen,500000,https://dynamic-media-cdn.tripadvisor.com/media/photo-o/11/fa/72/bb/thanh-kim-anh-hotel.jpg?w=700&h=-1&s=1
Kahn Hoa Hotel,Hotel,"Phu Yen, Vietnam",3.0,Phu Yen,580000,https://dynamic-media-cdn.tripadvisor.com/media/photo-o/10/02/81/7f/photo0jpg.jpg?w=1200&h=1200&s=1
Nhu Y Hotel,Hotel,"7 Nguyen Cong Tru",2.5,Phu Yen,350000,https://pix10.agoda.net/hotelImages/120/12002387/12002387_20011018450086969919.jpg?s=1024x768
Santini Hotel,Hotel,"5 Nguyen Van Cu",3.5,Phu Yen,800000,https://du-lich.chudu24.com/f/m/2211/01/khach-san-santini-phu-yen-87.jpg?w=1200&h=800
Cong Doan Hotel,Hotel,"Phu Yen, Vietnam",3.0,Phu Yen,600000,https://cdn.vntrip.vn/cam-nang/wp-content/uploads/2020/02/khach-san-cong-doan-phu-yen-2.jpg
Best 88 Beer Garden,Restaurant,"231 Dien Bien Phu",4.2,Phu Yen,200000,https://lookaside.fbsbx.com/lookaside/crawler/media/?media_id=644518618230491
Noonconcept,Restaurant,"15 Truong Kiem",4.0,Phu Yen,150000,https://media-cdn.tripadvisor.com/media/photo-s/1a/32/01/99/getlstd-property-photo.jpg
Liu The Chill Garden,Restaurant,"Phu Yen, Vietnam",4.3,Phu Yen,180000,https://lookaside.fbsbx.com/lookaside/crawler/media/?media_id=1267775792020579
Gozo Brew House,Restaurant,"Phu Yen, Vietnam",4.5,Phu Yen,250000,https://media.mia.vn/uploads/blog-du-lich/gozo-brew-house-n-terra-coffee-stelia-beach-resort-phu-yen-nhà-trang-tre-view-bien-lon-nhat-viet-nam-tai-phu-yen-01-1637684749.jpeg
Pho Co Co,Restaurant,"61 Duy Tan",4.1,Phu Yen,50000,https://lh3.googleusercontent.com/p/AF1QipPzQdd_Gsm5HHg2PkB0k1Z3b0SEApP9okqlk6A=s680-w680-h510
Com Nieu Ngon,Restaurant,"Nguyen Cong Tru",4.0,Phu Yen,120000,https://toplist.vn/images/800px/com-nieu-nha-san-1104474.jpg
Com Nieu Tuy Hoa,Restaurant,"Le Thanh Phuong",4.0,Phu Yen,120000,https://thodiaphuyen.com.vn/Media/Places/231218025042/com-nieu3.png
Mon Restaurant,Restaurant,"Phu Yen, Vietnam",4.0,Phu Yen,200000,https://statics.vinpearl.com/Phu-Yen-Restaurant-2_1704075252.jpg
Banh Canh He Thanh Tam,Restaurant,"Phu Yen, Vietnam",4.3,Phu Yen,35000,https://down-vn.img.susercontent.com/vn-11134259-7r98o-lwdkqej3g99725
Hayan - Taste Of The World,Restaurant,"14 Le Thanh Ton",4.4,Phu Yen,300000,https://lookaside.fbsbx.com/lookaside/crawler/media/?media_id=568365362799906
Dakphu Restaurant,Restaurant,"Phu Yen, Vietnam",4.0,Phu Yen,220000,https://statics.vinpearl.com/Phu-Yen-Restaurant-2_1704075252.jpg
Casa De Rosa Tuy Hoa,Restaurant,"Phu Yen, Vietnam",4.2,Phu Yen,250000,https://lookaside.fbsbx.com/lookaside/crawler/media/?media_id=61576974630770
Mat Ca Ngu Ba Tam,Restaurant,"Phu Yen, Vietnam",4.5,Phu Yen,150000,https://danviet.mediacdn.vn/296231569849192448/2023/6/13/3538047407720791279-1686631242546-1686631243147174131602.jpg
Com Tam,Restaurant,"Phu Yen, Vietnam",4.0,Phu Yen,40000,https://vietnamnomad.com/wp-content/uploads/2022/09/The-eating-culture-of-com-tam-Vietnamnomad.jpg
Com Chay - Veg. Restaurant,Restaurant,"Phu Yen, Vietnam",4.1,Phu Yen,50000,https://img.restaurantguru.com/w550/h367/rdd1-Com-pho-chay-VEGAN-food.jpg
Banh Xeo Chay,Restaurant,"Phu Yen, Vietnam",4.0,Phu Yen,30000,https://toplist.vn/images/800px/banh-xeo-chay-1099499.jpg
Com Chay,Restaurant,"Phu Yen, Vietnam",4.0,Phu Yen,40000,https://luhanhvietnam.com.vn/du-lich/vnt_upload/news/12_2023/nhan_tam_quan_chay_ngon_o_phu_yen.jpg
Bo De Quan Com Chay,Restaurant,"Phu Yen, Vietnam",4.2,Phu Yen,45000,https://toplist.vn/images/800px/quan-an-chay-bo-de-1189427.jpg
Mi Cay Toto Mi,Restaurant,"Nguyen Hue",4.1,Phu Yen,60000,https://toplist.vn/images/800px/my-cay-toto-mi-1193534.jpg
Quan Nhau Nhat Huy BBQ,Restaurant,"Ba Trieu",4.0,Phu Yen,150000,https://media-cdn.tripadvisor.com/media/photo-p/23/6b/d9/7d/caption.jpg
Szk Restaurant,Restaurant,"Truong Chinh",4.0,Phu Yen,200000,https://dynamic-media-cdn.tripadvisor.com/media/photo-o/30/71/f5/a6/x.jpg?w=1100&h=600&s=1
Banh Beo Quan,Restaurant,"Phu Yen, Vietnam",4.3,Phu Yen,30000,https://img.restaurantguru.com/w550/h367/r271-meals-HE-QUAN-Banh-canh-he-_-Banh-beo-nong-Phu-Yen-2024-05-1.jpg
Banh Beo Co Mai,Restaurant,"Phu Yen, Vietnam",4.4,Phu Yen,30000,https://img.restaurantguru.com/w550/h367/rdc5-Banh-beo-nong-Co-Mai-Mon-ngon-Phu-Yen-interior.jpg
Banh Cuon,Restaurant,"Tran Binh Trong",4.1,Phu Yen,35000,https://www.asiakingtravel.fr/cuploads/files/plats-petit-dejeuner-vietnam-5.jpg
Hawaii Beer Tuy Hoa,Restaurant,"Phu Yen, Vietnam",4.2,Phu Yen,180000,https://lookaside.fbsbx.com/lookaside/crawler/media/?media_id=545735528517433
Pytopia Center,Restaurant,"Phu Yen, Vietnam",4.3,Phu Yen,400000,https://pytopia.vn/wp-content/uploads/2021/05/183464341_4264127140265216_9024527396660147369_n.jpg